ContractCode,Enrolment Date,RepName,Start Date,Program,FundingSourceName
Y,2019-01-16,Shreya,2019-03-25,IC,OSAP
V149414a,2019-08-14,,,APA,
V149592,2018-12-29,Jho,2019-01-07,BA,OSAP
V149593,2018-12-31,Russell,2019-01-07,IC,OSAP
V149594,2018-12-31,Jho,2019-01-07,BA,OSAP
V149595,2018-12-31,Jho,2019-01-07,MOA+HUC,OSAP
V149596,2018-12-31,Russell,2019-01-28,PSW,Self Paid
V149597,2018-12-31,Jho,2019-01-28,BA,OSAP
V149598,2018-12-31,Russell,2019-01-07,IC,OSAP
V149599,2019-01-03,Inga ,2019-01-07,MOA+HUC,OSAP
V149600,2019-01-03,Russell,2019-01-07,NA,OSAP
V149601,2019-01-03,Russell,2019-01-07,IC,OSAP
V149602,2019-01-03,Rene,2019-01-07,IC,OSAP
V149603,2019-01-03,Jho,2019-01-28,IC,OSAP
V149604,2019-01-03,Russell,2019-01-07,IC,OSAP
V149605,2019-01-03,Russell,2019-01-07,IC,OSAP
V149606,2019-01-04,Shreya,2019-02-11,IC,OSAP
V149607,2019-01-04,Russell,2019-03-25,P,OSAP
V149608,2019-01-04,Inga,2019-01-07,BA,OSAP
V149609,2019-01-05,Inga,2019-01-07,IC,OSAP
V149610,2019-01-11,Inga,2019-01-14,IC,OSAP
V149611,2019-01-07,Jho,2019-01-07,IC,
V149612,2019-01-07,Rene,2019-01-14,IC,OSAP
V149613,2019-01-09,Russell,2019-01-28,PSW,OSAP
V149614,2019-01-22,Russell,2019-01-28,CEP,OSAP
V149615,2019-01-09,Russell,2019-02-11,IC,OSAP
V149616,2019-01-10,Rene,2019-01-14,IC,OSAP
V149617,2019-01-10,Rene,2019-03-04,BOS,Self Paid
V149618,2019-01-11,Russell,2019-05-20,IC,OSAP
V149619,2019-01-12,Russell,2019-01-14,BA,OSAP
V149620,2019-01-12,Jho,2019-01-14,BA,
V149621,2019-01-12,Jho,2019-01-28,PSW,
V149622,2019-01-15,Russell,2019-01-21,IC,OSAP
V149623,2019-01-15,Inga/Swarna,2019-01-21,BOS,OSAP
V149624,2019-01-16,Shreya ,2019-03-25,IC,OSAP
V149625,2019-01-15,Jho,2019-01-14,IC,OSAP
V149626,2019-01-21,Russell,2019-03-04,IC,OSAP
V149627,2019-01-26,Shreya ,2019-02-04,APA,OSAP
V149628,2019-01-17,Jho,2019-02-25,IC,
V149629,2019-01-18,Russell,2019-01-28,PSW,OSAP
V149630,2019-01-17,Inga,2019-01-28,BA,OSAP
V149631,2019-04-15,Ankita,2019-04-15,IC,OSAP
V149632,2019-01-17,Jho,2019-01-28,PSW,OSAP
V149633,2019-01-18,Swarna,2019-01-28,MOA+HUC,OSAP
V149634,2019-01-19,Jho,2019-01-21,BA,OSAP
V149635,2019-01-21,Jho,2019-01-21,IC,OSAP
V149636,2019-01-21,Shreya,2019-03-11,PSW,OSAP
V149637,2019-01-21,Russell,2019-01-24,IC,OSAP
V149638,2019-01-22,Inga,2019-01-21,APA,OSAP
V149639,2019-01-22,Russell,2019-02-11,IC,OSAP
V149640,2019-01-22,Russell,2019-03-01,LC,OSAP
V149641,2019-01-22,Rene,2019-01-21,IC,OSAP
V149642,2019-01-22,Russell,2019-01-28,IC,OSAP
V149644,2019-01-22,Russell,2019-05-20,IC,
V149645,2019-01-23,Inga,2019-01-28,IC,OSAP
V149648,2019-01-25,Russell,2019-01-28,IC,OSAP
V149649,2019-01-25,Russell,2019-01-28,LC,OSAP
V149650,2019-01-25,Russell,2019-01-28,IC,OSAP
V149651,2019-01-26,Russell,2019-02-11,IC,OSAP
V149652,2019-01-28,Russell,2019-03-25,IC,OSAP
V149653,2019-01-28,Russell,2019-01-28,IC,OSAP
V149654,2019-01-28,Shreya,2019-01-28,HI,OSAP
V149655,2019-01-29,Shreya,2019-02-25,MC,OSAP
V149656,2019-01-31,Inga,2019-01-28,CST,OSAP
V149657,2019-01-31,Jho,2019-01-28,BA,OSAP
V149658,2019-01-28,Russell,2019-04-08,NA,
V149659,2019-01-28,Russell,2019-01-28,IC,OSAP
V149660,2019-01-28,Jho,2019-02-04,MOA+HUC,
V149661,2019-01-28,Jho,2019-02-11,IC,Self Paid
V149662,2019-02-02,Russell,2019-02-04,LC,OSAP
V149663,2019-02-02,Shreya/Farah,2019-04-15,P,OSAP
V149664,2019-02-02,Shreya ,2019-03-25,IC,OSAP
V149665,2019-02-05,Ankita,2019-03-25,IC,OSAP
V149667,2019-02-05,Russell,2019-02-11,IC,OSAP
V149668,2019-02-05,Inga ,2019-03-11,PSW,OSAP
V149669,2019-02-05,Rene ,2019-04-01,BA,OSAP
V149670,2019-02-06,N/A,2019-02-11,PSW,N/A
V149671,2019-02-07,Russell,2019-02-11,BA,OSAP
V149672,2019-02-07,Rene,2019-02-11,IC,OSAP
V149673,2019-02-07,Russell,2019-02-11,HI,OSAP
V149674,2019-02-08,Russell,2019-02-11,BA,OSAP
V149675,2019-02-08,Ankita,2019-02-25,IC,OSAP
V149676,2019-02-08,Ankita,2019-02-25,BA,OSAP
V149677,2019-02-11,Russell,2019-04-22,HI,OSAP
V149678,2019-02-13,Russell,2019-02-18,MOA+HUC,OSAP
V149679,2019-02-13,Russell,2019-03-25,IC,OSAP
V149680,2019-02-11,Rene,2019-02-11,IC,OSAP
V149681,2019-02-11,Rene,2019-02-11,IC,OSAP
V149682,2019-02-13,Russell,2019-02-18,BA,
V149683,2019-02-13,Russell,2019-04-15,P,OSAP
V149684,2019-02-14,Inga,2019-03-25,IC,OSAP
V149684,2019-05-06,Emani,2019-05-06,P,OSAP
V149685,2019-02-14,Russell,2019-02-25,IC,OSAP
V149686,2019-02-14,Russell,2019-05-20,IC,OSAP
V149687,2019-02-15,Ankita,2019-03-11,PSW,OSAP
V149688,2019-02-16,Russell,2019-03-25,IC,OSAP
V149689,2019-02-16,Russell,2019-02-25,IC,OSAP
V149690,2019-02-16,Daniel/Inga,2019-03-04,IC,OSAP
V149691,2019-02-19,Russell,2019-09-16,IC,OSAP
V149692,2019-02-19,Russell,2019-03-04,IC,OSAP
V149693,2019-02-21,Ankita,2019-03-25,IC,Quebec Loan
V149694,2019-02-21,Russell,2019-03-25,IC,
V149695,2019-02-21,Russell,2019-03-25,WD,OSAP
V149696,2019-02-21,Russell,2019-02-25,BA,OSAP
V149697,2019-02-21,Russell,2019-02-25,BA,OSAP
V149698,2019-02-21,Inga,2019-03-25,P,OSAP
V149699,2019-04-30,Ankita,2019-05-20,IC,OSAP
V149700,2019-02-22,Russell,2019-03-04,LASCO,OSAP
V149701,2019-02-22,Ankita,2019-03-04,IC,OSAP
V149702,2019-02-23,Inga,2019-03-04,IC,OSAP
V149703,2019-02-23,Inga,2019-03-04,IC,OSAP
V149704,2019-02-25,Russell,2019-03-04,LASCO,OSAP
V149705,2019-02-25,Russell,2019-03-25,MOA+HUC,OSAP
V149706,2019-02-26,Russell,2019-04-29,P,OSAP
V149707,2019-02-26,Russell,2019-03-11,PSW,OSAP
V149708,2019-02-26,Preeti,2019-03-25,P,Self Paid
V149709,2019-02-26,Russell,2019-02-25,PSW,OSAP
V149710,2019-02-28,Ankita,2019-03-04,BA,OSAP
V149711,,Preeti,,P,OSAP
V149712,,Preeti,,P,OSAP
V149713,,Preeti,,P,OSAP
V149714,,Preeti,,P,OSAP
V149715,2019-03-01,Russell,2019-03-04,LC,OSAP
V149716,2019-03-01,Preeti,2019-03-04,APA,OSAP
V149717,2019-03-01,Preeti,2019-03-04,APA,OSAP
V149718,2019-03-01,Emani,2019-03-04,BOS,OSAP
V149719,2019-02-28,Russell,2019-03-04,IC,OSAP
V149720,2019-03-04,Inga,2019-03-25,BOA,OSAP
V149721,2019-03-04,Inga/Emani,2019-03-04,BA,OSAP
V149722,2019-02-28,Russell,2019-03-04,HI,OSAP
V149723,2019-03-04,Russell,2019-03-18,PSW,OSAP
V149724,2019-03-04,Russell,2019-03-11,BA,OSAP
V149726,2019-03-05,Ankita,2019-03-18,IC,OSAP
V149727,2019-03-05,Russell,2019-03-11,BA,OSAP
V149728,2019-03-05,Russell,2019-03-11,BA,OSAP
V149729,2019-03-05,Russell,2019-03-11,MOA+HUC,OSAP
V149730,2019-03-05,Inga,2019-03-18,IC,OSAP
V149731,2019-03-07,Russell,2019-03-11,MOA+HUC,OSAP
V149732,2019-03-07,Russell,2019-03-11,PSW,OSAP
V149734,2019-03-08,Russell,2019-03-25,IC,OSAP
V149735,2019-03-08,Russell,2019-03-25,IC,OSAP
V149736,2019-03-09,Ankita,2019-03-18,NA,OSAP
V149737,2019-03-10,Inga,2019-03-18,ITSS,OSAP
V149738,2019-03-11,Preeti,2019-05-06,AA,OSAP
V149739,2019-03-11,Ankita,2019-03-11,BA,OSAP
V149740,2019-03-11,Ankita,2019-03-18,IC,OSAP
V149741,2019-03-11,Russell,2019-03-25,P,OSAP
V149742,2019-04-12,Ankita,2019-04-15,BOS,OSAP
V149743,2019-03-12,Emani,2019-04-15,P,OSAP
V149744,2019-03-14,Preeti,2019-05-06,AA,OSAP
V149745,2019-03-15,Russell,2019-03-25,IC,
V149746,2019-03-15,Emani,2019-03-18,PSW,OSAP
V149747,2019-03-15,Ankita,2019-04-01,PSW,Self Paid
V149748,2019-03-16,Russell,2019-03-18,APA,OSAP
V149749,2019-03-18,Russell,2019-03-18,LC,OSAP
V149750,2019-03-18,Emani,2019-04-29,IC,OSAP
V149751,2019-03-18,Russell,2019-03-18,LASCO,OSAP
V149752,2019-03-18,Russell,2019-03-25,MOA+HUC,OSAP
V149753,2019-03-18,Ankita,2019-05-20,IC,OSAP
V149754,2019-03-18,Ankita,2019-03-18,PSW,OSAP
V149755,2019-03-18,Emani,2019-04-01,HI,OSAP
V149756,2019-03-18,Emani,2019-04-01,PSW,OSAP
V149757,2019-03-19,Ankita,2019-03-25,BA,OSAP
V149758,2019-03-01,Preeti,2019-03-04,BA,OSAP
V149759,2019-03-19,Russell,2019-04-15,P,OSAP
V149760,2019-03-19,Russell,2019-03-25,BA,OSAP
V149761,2019-03-19,Ankita,2019-03-25,IC,OSAP
V149762,2019-03-21,Ankita,2019-03-25,IC,OSAP
V149763,2019-03-21,Russell,2019-03-25,LASCO,
V149764,2019-03-21,Ankita,2019-04-29,P,
V149765,2019-03-22,Russell,2019-03-25,P,OSAP
V149766,2019-03-22,Kelly,2019-04-01,CEP,OSAP
V149767,2019-03-22,Russell,2019-03-25,LASCO,OSAP
V149768,2019-03-22,Russell,2019-03-25,IC,OSAP
V149770,2019-03-23,Ankita,2019-03-25,BA,OSAP
V149771,2019-03-25,Nejla,2019-03-25,BA,OSAP
V149772,2019-03-25,Russell,2019-03-25,IC,OSAP
V149773,2019-03-25,Emani,2019-03-25,IC,OSAP
V149774,2019-03-25,Emani,2019-03-25,IC,OSAP
V149775,2019-03-25,Russell,2019-03-25,BA,OSAP
V149776,2019-03-25,Russell,2019-03-26,IC,OSAP
V149778,2019-03-26,Emani,2019-04-01,LC,OSAP
V149779,2019-03-27,Russell,2019-04-01,BA,OSAP
V149780,2019-03-27,Russell,2019-04-01,PSW,OSAP
V149781,2019-03-27,Russell,2019-04-01,IC,OSAP
V149782,2019-03-27,Emani,2019-04-08,HI,OSAP
V149783,2019-03-28,Kelly,2019-04-15,P,OSAP
V149784,2019-03-29,Kelly,2019-04-29,P,OSAP
V149785,2019-03-29,Russell,2019-04-01,PSW,OSAP
V149786,2019-03-29,Kelly,2019-04-22,IC,OSAP
V149787,2019-03-29,Russell,2019-04-01,LASCO,OSAP
V149788,2019-04-03,Russell,2019-04-15,IC,OSAP
V149789,2019-04-01,Ankita,2019-04-01,BA,OSAP
V149790,2019-04-01,Russell,2019-04-01,BA,Second Career
V149791,2019-04-01,Russell,2019-04-22,MEDT,Self Paid
V149792,2019-04-01,Russell,2019-04-01,LASCO,OSAP
V149793,2019-04-02,Kelly,2019-04-15,APA,OSAP
V149794,2019-04-02,Nejla,2019-04-22,MOA,OSAP
V149795,2019-04-02,Russell,2019-04-08,LASCO,OSAP
V149796,2019-04-03,Russell,2019-04-08,P,OSAP
V149797,2019-04-03,Nejla,2019-04-15,IC,OSAP
V149798,2019-04-03,Kelly,2019-04-15,IC,OSAP
V149799,2019-04-04,Russell,2019-04-15,MOA+HUC,OSAP
V149800,2019-04-04,Ankita,2019-04-08,P,OSAP
V149801,2019-04-04,Nejla,2019-04-15,P,OSAP
V149802,2019-04-05,Russell,2019-04-08,IC,OSAP
V149803,2019-04-05,Ankita,2019-04-08,CA,OSAP
V149804,2019-04-05,Ankita,2019-04-08,MOA+HUC,OSAP
V149805,2019-04-06,Emani,2019-04-08,WD,OSAP
V149806,2019-04-08,Ankita,2019-05-20,IC,OSAP
V149807,2019-04-08,Nejla,2019-04-15,BA,OSAP
V149808,2019-04-08,Nejla,2019-04-29,P,OSAP
V149809,2019-04-09,Russell,2019-04-15,NA,OSAP
V149810,2019-10-02,Ankita,2019-10-07,P,Alberta Student Loan
V149811,2019-03-11,Russell,2019-04-15,IC,OSAP
V149812,2019-04-11,Emani,2019-04-29,MOA+HUC,OSAP
V149813,2019-04-11,Russell,2019-04-22,BA,OSAP
V149814,2019-04-11,Russell,2019-04-01,BA,OSAP
V149815,2019-04-11,Russell,2019-04-01,BA,OSAP
V149816,2019-04-11,Nejla,2019-04-15,BA,OSAP
V149817,2019-04-11,Nejla,2019-04-15,HI,OSAP
V149818,2019-04-11,Nejla,2019-04-15,HI,OSAP
V149819,2019-04-11,Nejla,2019-04-15,HI,OSAP
V149820,2019-04-11,Nejla,2019-04-15,BA,OSAP
V149821,2019-04-11,Ankita,2019-04-29,LC,OSAP
V149822,2019-04-12,Russell,2019-04-15,NA,OSAP
V149823,2019-04-12,Ankita,2019-04-22,P,OSAP
V149824,2019-04-12,Ankita,2019-04-08,IC,OSAP
V149825,2019-04-15,Emani,2019-04-29,LASCO,OSAP
V149826,2019-04-15,Ankita,2019-04-15,MOA+HUC,OSAP
V149827,2019-04-15,Nejla,2019-04-15,BA,Second Career
V149828,2019-04-15,Russell,2019-04-15,HI,OSAP
V149829,2019-04-17,Russell,2019-11-11,IC,OSAP
V149830,2019-04-15,Russell,2019-05-20,IC,OSAP
V149831,2019-04-15,Emani,2019-05-20,IC,OSAP
V149833,2019-04-15,Emani,2019-05-20,IC,SF
V149835,2019-04-16,Ankita,2019-04-22,P,OSAP
V149836,2019-04-16,Emani,2019-04-22,NA,OSAP
V149837,2019-04-17,Annie,,CA,OSAP
V149838,2019-04-17,Russell,2019-05-06,APA,OSAP
V149839,2019-04-17,Russell,2019-04-22,P,OSAP
V149840,2019-04-17,Russell,2019-05-06,IC,OSAP
V149841,2019-04-18,Russell,2019-04-22,LASCO,OSAP
V149843,2019-04-18,Russell,2019-04-22,NA,OSAP
V149844,2019-04-20,Ankita,2019-05-20,IC,OSAP
V149845,2019-04-22,Russell,2019-04-22,PA,OSAP
V149847,2019-04-22,Russell,2019-05-06,P,OSAP
V149848,2019-04-22,Emani,2019-04-22,P,OSAP
V149849,2019-04-22,Emani,2019-04-22,LASCO,OSAP
V149850,2019-04-22,Russell,2019-05-20,IC,OSAP
V149851,2019-04-23,Russell,2019-05-20,IC,Financing
V149852,2019-04-23,Russell,2019-04-22,IC,OSAP
V149853,2019-04-24,Russell,2019-04-29,IC,OSAP
V149854,2019-04-24,Russell,2019-04-29,P,OSAP
V149855,2019-04-24,Russell,2019-04-29,WD,
V149856,2019-04-25,Russell,2019-05-13,APA,OSAP
V149857,2019-04-25,Nejla,2019-04-29,ECP,OSAP
V149858,2019-04-26,Kelly,2019-05-20,IC,OSAP
V149859,2019-04-26,Russell,2019-04-29,IC,Self Paid
V149860,2019-04-26,Emani,2019-04-29,HI,OSAP
V149861,2019-04-26,Ankita,2019-04-29,BA,
V149862,2019-04-27,Kelly,2019-05-27,CEDT,OSAP
V149863,2019-04-27,Ankita,2019-05-20,IC,OSAP
V149864,2019-04-27,Russell,2019-05-20,P,OSAP
V149865,2019-04-27,Russell,2019-04-29,IC,OSAP
V149866,2019-04-27,Ankita/Russell,2019-04-29,BA,OSAP
V149867,2019-04-27,Ankita/Russell,2019-04-29,APA,OSAP
V149868,2019-04-27,Ankita/Russell,2019-04-29,HI,OSAP
V149869,2018-12-27,Russell,2019-04-29,MR,OSAP
V149871,2019-04-29,Russell,2019-06-03,BA,OSAP
V149872,2019-04-29,Nejla,2019-04-29,APA,
V149873,2019-04-29,Russell,2019-05-06,PA,OSAP
V149874,2019-04-29,Emani,2019-04-29,BA,
V149875,2019-04-30,Russell,2019-04-29,BA,OSAP
V149876,2019-04-30,Emani,2019-04-29,NA,
V149877,2019-04-30,Kelly,2019-04-29,LASCO,
V149878,2019-04-30,Nejla,2019-04-29,BA,
V149879,2019-04-30,Ankita,2019-04-29,P,
V149880,2019-04-30,Kelly,2019-04-29,IC,
V149881,2019-04-30,Emani,2019-04-29,BA,
V149882,2019-05-01,Ankita,2019-06-03,BA,OSAP
V149883,2019-05-01,Russell,2019-05-20,MOA+HUC,OSAP
V149884,2019-05-01,Russell,2019-04-29,HI,
V149885,2019-05-02,Ankita,2019-05-06,BA,OSAP
V149886,2019-05-02,Russell,2019-05-06,BA,OSAP
V149887,2019-05-02,Kelly,2019-06-24,PSW,Osap
V149889,2019-05-03,Nejla,2019-05-13,APA,OSAP
V149890,2019-05-03,Russell,2019-05-13,APA,OSAP
V149891,2019-05-03,Russell,2019-05-06,APA,OSAP
V149892,2019-01-03,Russell,2019-05-06,P,OSAP
V149893,2019-05-06,Russell,2019-05-20,IC,OSAP
V149894,2019-05-06,Kelly,2019-05-20,IC,OSAP
V149895,2019-05-06,Russell,2019-05-06,P,OSAP
V149896,2019-05-06,Emani,2019-05-06,P,OSAP
V149897,2019-03-07,Emani,2019-05-06,P,OSAP
V149898,2019-05-07,Ankita/Russell,2019-05-27,NA,OSAP
V149899,2019-05-07,Ankita/Russell,2019-05-06,P,OSAP
V149900,2019-05-07,Emani,2019-05-20,IC,OSAP
V149901,2019-05-07,Emani,2019-07-29,LASCO,Osap
V149902,2019-05-07,Russell,2019-05-20,IC,OSAP
V149903,2019-05-07,Emani,2019-05-06,MOA+HUC,OSAP
V149904,2019-05-07,Emani,2019-05-20,IC,SF
V149905,2019-05-08,Russell,2019-05-06,P,OSAP
V149906,2019-05-08,Emani,2019-05-20,IC,OSAP
V149907,2019-05-09,Russell,2019-05-20,IC,OSAP
V149908,2019-03-09,Russell,2019-05-20,MOA+HUC,OSAP
V149910,2019-05-10,Emani,2019-05-13,APA,OSAP
V149911,2019-05-10,Emani,2019-05-13,MOA,OSAP
V149912,2019-05-10,Emani,2019-07-15,APA,OSAP
V149913,2019-05-11,Russell,2019-05-13,BA,OSAP
V149914,2019-05-11,Russell,2019-09-16,IC,OSAP
V149915,2019-05-13,Emani,2019-05-20,IC,OSAP
V149916,2019-05-13,Ankita,2019-06-10,IC,OSAP
V149917,2019-05-13,Kelly,2019-06-10,IC,OSAP
V149918,2019-04-14,Russell,2019-05-20,BA,OSAP
V149919,2019-05-14,Russell,2019-05-20,IC,OSAP
V149920,2019-05-15,Russell,2019-05-20,IC,OSAP
V149921,2019-05-16,Ankita,2019-06-10,MOA+HUC,OSAP
V149922,2019-05-17,Emani ,2019-06-10,APA,Osap
V149923,2019-05-21,Ankita,2019-05-27,BA,OSAP
V149924,2019-05-21,Russell,2019-05-27,IC,OSAP
V149925,2019-05-22,Russell,2019-06-03,IC,OSAP
V149926,2019-05-22,Russell,2019-05-27,MOA+HUC,OSAP
V149927,2019-05-22,Emani,2019-06-03,CST,OSAP
V149931,2019-05-23,Russell,2019-05-27,IC,OSAP
V149933,2019-05-23,Russell,2019-05-27,IC,OSAP
V149934,2019-05-23,Russell,2019-05-27,IC,OSAP
V149935,2019-05-23,Emani,2019-06-03,BA,OSAP
V149936,2019-05-23,Emani,2019-06-17,APA,Osap
V149937,2019-05-24,Russell,2019-05-27,LC,OSAP
V149939,2019-05-24,Emani,2019-05-27,BA,OSAP
V149940,2019-05-24,Ankita,2019-05-27,IC,OSAP
V149942,2019-05-27,Russell,2019-07-29,IC,OSAP
V149943,2019-05-27,Russell,2019-05-27,IC,OSAP
V149945,2019-05-27,Russell,2019-05-27,IC,OSAP
V149946,2018-05-27,Ankita,2019-05-27,BA,Osap
V149948,2019-05-27,Emani,2019-05-27,HI,Osap 
V149949,2018-05-27,Russell,2019-05-27,BA,Osap
V149950,2019-05-28,Ankita,2019-05-27,BA,Osap
V149951,2019-05-28,Russell,2019-05-27,psw,Osap
V149952,2019-05-28,Russell,2019-05-27,IC,Osap 
V149954,2018-05-29,Russell,2019-06-10,IC,Osap
V149956,2019-05-29,Preeti,2019-05-27,MC,
V149958,2018-05-30,Russell,2019-06-10,IC,Osap
V149960,2019-05-31,Ankita,2019-05-27,MOA+HUC,Osap
V149961,2019-05-31,Ankita,2019-05-27,MR,Osap 
V149962,2019-06-01,Emani,2019-06-10,BA,Osap
V149963,2018-06-03,Russell,2019-06-03,HI,OSAP
V149964,2018-06-03,Russell,2019-06-03,IC,OSAP
V149965,2019-06-03,Emani,2019-06-03,IC,OSAP
V149967,2019-06-03,Russell,2019-06-10,IC,Osap
V149968,2019-06-03,Russell,2019-06-24,PSW,Osap
V149969,2019-06-04,Emani,2019-07-08,BA,
V149970,2019-06-04,Emani,2019-07-15,HI,
V149971,2019-06-04,Emani,2019-07-22,BA,
V149972,2019-06-04,Emani,2019-06-10,BA,OSAP
V149973,2019-06-05,Russell,2019-09-30,P,OSAP
V149974,2019-06-05,Emani,2019-06-06,IC,
V149975,2019-06-05,YASH,2019-06-10,IC,OSAP
V149976,2019-06-05,Russell,2019-06-10,BA,OSAP
V149978,2019-06-06,Ankita,2019-06-10,IC,
V149980,2019-06-10,Ankita,2019-06-10,IC,
V149981,2019-06-10,Russell/Preeti,2019-06-10,APA,SECODN CAREER
V149982,2019-06-10,Russell,2019-06-10,IC,OSAP
V149983,2019-06-10,Preeti,2019-06-17,MR,Osap
V149984,2019-06-11,Ankita,2019-06-11,IC,Self Funded
V149985,2019-06-11,Russell,2019-06-27,PSW,OSAP
V149986,2019-06-11,Emani,2019-07-01,IC,
V149987,2019-06-11,Russell,2019-06-17,LASCO,OSAP
V149988,2019-06-12,Russell,2019-06-24,PSW,OSAP
V149989,2019-06-16,Russell,2019-07-08,MR,OSAP
V149990,2019-06-14,Russell,2019-06-24,MOA+HUC,OSAP
V149992,2019-06-14,Emani,2019-06-17,WD,OSAP
V149997,2019-06-15,Ankita,2019-08-05,IC,OSAP
V149999,2019-06-19,Ankita,2019-06-17,LASCO,
V150000,2019-06-18,Russell,2019-08-19,IC,OSAP
V150001,2019-06-18,Tanu,2019-06-24,PA,OSAP
V150002,2019-06-19,Emani,2019-07-01,BOA,OSAP
V150003,2019-06-19,Emani,2019-07-01,BA,OSAP
V150005,2019-06-20,Russell,2019-06-24,PSW,OSAP
V150006,2018-06-19,Russell,2019-06-19,PA,Osap
V150009,2019-06-22,Russell,2019-08-19,IC,OSAP
V150010,2019-06-22,Ankita,2019-07-02,BA,OSAP
V150012,2019-06-24,Ankita,2019-07-02,IC,OSAP
V150013,2019-06-24,Russell,2019-07-22,IC,OSAP
V150014,2019-06-24,Russell,2019-07-22,IC,OSAP
V150016,2019-06-25,Emani,2019-07-01,APA,OSAP
V150017,2019-06-25,Emani,2019-07-22,BA,OSAP
V150018,2019-06-25,Ankita,2019-07-01,BA,OSAP
V150019,2019-06-26,Russell,2019-07-08,BA,OSAP
V150020,2019-06-26,Russell,2019-07-31,IC ,OSAP
V150021,2019-06-26,Tanushree,2019-07-22,IC,OSAP
V150022,2019-06-26,Tanushree,2019-07-22,IC,OSAP
V150024,2019-07-04,Russell,2019-07-22,IC,OSAP
V150025,2019-07-04,Russell,2019-09-16,MOA+HUC,OSAP
V150026,2019-07-04,Russell,2019-07-08,BA,OSAP
V150027,2019-07-04,Russell,2019-07-29,IC,OSAP
V150028,2019-07-04,Emani,2019-07-22,CEP,OSAP
V150029,2019-07-05,Russell,2019-07-22,IC,OSAP
V150031,2019-07-05,Russell,2019-08-05,PSW,OSAP
V150032,2019-07-06,Russell,2019-07-15,PSW,OSAP
V150033,2019-07-08,Ankita,2019-07-08,BA,OSAP
V150034,2019-07-08,Ankita,2019-07-15,BA,OSAP
V150037,2019-07-11,Russell,2019-09-02,BA,OSAP
V150038,2019-07-11,Russell,2019-07-15,LASCO,OSAP
V150039,2019-07-11,Ankita,2019-07-15,IC,
V150041,2019-07-11,Russell,2019-12-02,IC,OSAP
V150042,2019-07-12,Emani,2019-09-09,BA,OSAP
V150043,2019-07-12,Emani,2019-07-22,PSW,OSAP
V150047,2019-07-17,Tanushree,2019-07-22,PSW,OSAP
V150048,2019-07-17,Ankita,2019-08-05,PSW,OSAP
V150050,2019-07-17,Emani,2019-07-29,APA,OSAP
V150051,2019-07-18,Ankita,2019-09-16,P,OSAP
V150052,2019-07-18,Russell,2019-08-19,IC,OSAP
V150053,2019-07-19,Russell,2019-09-23,MOA+HUC,OSAP
V150055,2019-07-20,Russell,2019-09-23,MOA+HUC,OSAP
V150058,2019-07-22,Paul,2019-09-16,P,OSAP
V150059,2019-07-22,Russell,2019-07-29,MR,OSAP
V150060,2019-07-22,Russell,2019-07-29,BA,OSAP
V150063,2019-07-22,Russell,2019-07-31,PSW,OSAP
V150064,2019-07-22,Ankita,2019-07-23,IC,OSAP
V150065,2019-07-23,Russell,2019-07-22,BOS,OSAP
V150066,2019-07-23,Emani,2019-07-29,HI,
V150068,2019-07-24,Emani,2019-07-24,IC,OSAP
V150069,2019-07-25,Russell,2019-08-26,IC,OSAP
V150070,2019-07-25,Russell,2019-07-30,IC,OSAP
V150071,2019-07-26,Emani,2019-09-30,MOA+HUC,
V150072,2019-07-26,Yash,2019-07-29,PSW,OSAP
V150073,2019-07-26,Yash,2019-07-29,IC,OSAP
V150074,2019-07-27,Yash/Paul,2019-07-29,IC,OSAP
V150076,2019-07-29,Ankita,2019-09-16,P,OSAP
V150077,2019-07-29,Russell,2019-08-05,IC,OSAP
V150078,2019-07-29,Russell,2019-07-29,PSW,OSAP
V150079,2019-07-29,Emani ,2019-09-30,MOA+HUC,                                                                     
V150080,2019-07-29,Ankita,2019-07-29,BA,
V150081,2019-07-29,Russell,2019-08-05,IC,SELF FUNDING
V150082,2019-07-29,Russell,2019-07-29,BA,OSAP
V150083,2019-07-29,Russell,2019-07-29,BA,OSAP
V150085,2019-07-29,Russell,2019-07-29,NA,OSAP
V150086,2019-07-30,Russell,2019-08-13,IC,OSAP
V150087,2019-07-30,Russell,2019-08-05,HI,OSAP
V150088,2019-07-30,Russell,2019-07-30,CA,OSAP
V150089,2019-07-30,Russell,2019-07-30,IC,OSAP
V150090,2019-07-31,Russell,2019-07-31,IC,OSAP
V150091,2019-07-31,Russell,2019-07-31,IC,OSAP
V150092,2019-07-31,Ankita,2019-07-31,NA,OSAP
V150093,2019-07-31,Russell,2019-07-31,HI,OSAP
V150094,2019-08-01,Russell,2019-08-05,IC,OSAP
V150095,2019-08-01,Russell,2019-08-05,IC,OSAP
V150097,2019-08-02,Russell,2019-09-09,APA,OSAP
V150102,2019-08-02,Ankita,2019-08-06,IC,OSAP
V150104,2019-08-03,Ankita,2019-08-06,BA,OSAP
V150105,2019-08-03,Paul,2019-08-19,CI,OSAP
V150109,2019-08-06,Ankita,2019-08-12,IC,OSAP
V150110,2019-08-06,Paul,2019-08-26,IC,OSAP
V150113,2019-08-08,YASH,2019-09-23,MOA,OSAP
V150114,2019-08-09,RUSS,2019-09-16,P,OSAP
V150115,2019-08-10,Ankita,2019-08-12,BA,OSAP
V150116,2019-08-10,YASH,2019-08-12,IC,OSAP
V150118,2019-08-12,Ankita ,2019-09-16,IC,OSAP
V150119,2019-08-12,Russell,2019-08-13,IC,OSAP
V150120,2019-08-12,Russell,2019-08-26,PSW,Self Funding
V150121,2019-08-12,Paul,2019-08-26,PSW,OSAP
V150122,2019-08-14,Russ/Yash,2019-09-16,IC,OSAP
V150124,2019-08-14,Ankita,2019-08-19,IC,OSAP 
V150127,2019-08-15,Russ,2019-08-26,BA,OSAP
V150128,2019-08-15,Ankita,2019-09-16,P,OSAP
V150129,2019-08-17,Yash,2019-08-26,PSW,OSAP
V150130,2019-08-19,Russ,2019-08-26,SP,OSAP
V150131,2019-08-19,Russ,2019-11-11,IC,OSAP
V150132,2019-08-19,Yash,2019-09-16,IC,OSAP
V150133,2019-08-19,Ankita,2019-08-19,BOA,Self Funding
V150134,2019-09-07,Russ,2019-10-21,IC,OSAP
V150136,2019-08-19,Ankita,2019-08-19,NA,OSAP
V150137,2019-08-19,Russ,2019-08-20,IC,OSAP
V150138,2019-08-20,Paul,2019-09-09,NA,OSAP
V150140,2019-08-21,Yash,2019-08-26,IC,OSAP
V150141,2019-08-21,Emani,2019-09-16,IC,
V150142,2019-08-21,Russ,2019-08-26,PSW,OSAP
V150143,2019-08-21,Russ,2019-08-26,BA,OSAP
V150144,2019-08-21,Russ,2019-09-02,BA,OSAP
V150145,2019-08-21,Russ,2019-08-26,BA,OSAP
V150146,2019-08-21,Russ,2019-08-21,IC,OSAP
V150147,2019-08-21,Russ,2019-08-21,IC,OSAP
V150148,2019-08-22,Russ,2019-08-26,PSW,OSAP
V150149,2019-08-22,Russ,2019-08-26,IC,OSAP
V150150,2019-08-22,Russ,2019-09-16,P,OSAP
V150151,2019-08-22,Russ,2019-08-26,CA,OSAP
V150153,2019-08-22,Emani ,2019-09-16,IC,OSAP
V150154,2019-08-23,Russ,2019-08-26,IC,OSAP
V150155,2019-08-23,Russ,2019-08-26,PSW,OSAP
V150156,2019-08-23,Russ,2019-08-26,BA,OSAP
V150157,2019-08-23,Russ,2019-10-21,IC,OSAP
V150158,2019-08-23,Yash,2019-10-22,IC,OSAP
V150159,2019-08-23,Yash,2019-08-26,PA,OSAP
V150160,2019-08-23,Paul,2019-08-19,IC,OSAP
V150161,2019-08-24,Russ,2019-08-26,BA,OSAP
V150162,2019-08-26,Ankita,2019-09-30,MOA,OSAP
V150164,2019-08-26,Russ,2019-08-26,IC,OSAP
V150165,2019-08-26,Emani,2019-09-16,IC,OSAP
V150166,2019-08-26,Ankita,2019-08-26,NA,
V150167,2019-08-27,Russ,2019-09-02,APA,OSAP
V150168,2019-08-27,Preeti,2019-08-27,BA,OSAP
V150169,2019-08-27,Russ,2019-08-27,LASCO,OSAP
V150170,2018-08-27,Paul,2019-09-09,NA,OSAP
V150171,2019-08-28,Preeti,2019-09-30,MOA+HUC,Osap
V150173,2019-08-28,Paul,2019-08-26,IC,OSAP
V150174,2019-08-28,Russ,2019-09-16,P,OSAP
V150176,2019-08-29,Russ,2019-10-21,IC,OSAP
V150178,2019-08-29,Ankita,2019-08-30,IC,OSAP
V150180,2019-08-30,Russ,2019-09-09,BA,OSAP
V150181,2019-08-30,Russ,2019-09-09,NA,OSAP
V150183,2019-08-31,Paul,2019-09-16,P,OSAP
V150184,2019-09-03,Russ,2019-09-16,P,OSAP
V150185,2019-09-03,Russ,2019-10-21,IC,OSAP
V150186,2019-09-04,Russ,2019-09-09,HI,OSAP
V150187,2019-09-04,Ankita,2019-09-23,MOA+HUC,OSAP
V150188,2019-09-04,Paul,2019-11-11,IC,OSAP
V150189,2019-09-04,Russ,2019-10-21,IC,OSAP
V150190,2019-09-05,Russ,2019-09-16,BA,OSAP
V150191,2019-09-05,Paul,2019-09-16,CST,OSAP
V150192,2019-09-16,Russ,2019-09-21,IC,OSAP
V150193,2019-09-05,Russ,2019-09-30,IC,OSAP
V150195,2019-09-05,Russ/Yash,2019-09-23,IC,OSAP
V150196,2019-09-05,Russ,2019-09-24,APA,OSAP
V150197,2019-09-05,Russ,2019-10-21,IC,OSAP
V150198,2019-09-05,Russ,2019-09-16,BA,OSAP
V150199,2019-09-06,Russ,2019-10-21,IC,OSAP
V150200,2019-09-06,Russ,2019-10-07,IC,OSAP
V150303,2019-10-19,Russ,2020-01-06,APA,OSAP
V150202,2019-09-07,Russ,2019-09-16,APA,OSAP
V150203,2019-05-08,Russell,2019-10-14,P,OSAP
V150204,2019-09-09,Russ,2019-09-16,P,OSAP
V150206,2019-09-10,Russ,2019-09-23,MOA+HUC,OSAP
V150207,2019-09-10,Ankita,2019-09-16,LASCO,OSAP
V150208,2019-09-10,Russ,2019-09-10,CEP,OSAP
V150209,2019-09-10,Russ,2019-09-10,PSW,OSAP
V150210,2019-09-13,Ankita,2019-09-16,MC,OSAP
V150211,2019-09-11,Russ,2019-09-17,IC,OSAP
V150212,2019-09-11,Russ,2019-09-24,CA,OSAP
v150213,2019-09-11,Paul,2020-01-27,IC,OSAP
v150214,,,,,
V150215,2019-09-12,Russ,2019-09-30,IC,OSAP
V150216,2019-09-12,Russ,2019-02-17,IC,OSAP
V150217,2019-09-13,Russ,2019-09-24,HI,OSAP
V150218,2019-09-14,Preeti,2019-09-30,MOA+HUC,Osap
v150219,2019-09-16,Paul,2019-09-30,IC,Alberta Student Loan
V150220,2019-09-16,,,IC,
V150221,2019-09-16,Yash,2019-09-23,IC,
V150222,2019-09-16,Ankita,2019-10-07,IC,
V150223,2019-09-16,Russ,2019-10-07,MOA,OSAP
V150225,2019-09-16,Russ,2019-10-21,IC,OSAP
V150227,2019-09-17,Preeti/Paterno,2019-10-21,IC,OSAP
V150228,2019-09-18,Paul,2019-09-30,MOA,OSAP
V150229,2019-09-18,Paul,2019-09-30,MOA,OSAP
V150230,2019-09-18,Yash,2019-10-21,IC,
V150231,2019-09-19,Russ,2019-09-30,BA,OSAP
V150232,2019-09-19,Paterno,2019-09-23,APA,OSAP
V150234,2019-09-21,Russ,2019-11-12,IC,OSAP
V150235,2019-09-21,Russ,2019-09-30,IC,OSAP
V150236,2019-09-21,Yash,2019-11-11,PSW,
V150237,2019-09-23,Yash,2019-09-30,PA,
V150238,2019-09-24,Ankita,2019-09-30,IC,
V150239,2019-09-25,Russ,2019-09-30,IC,SELF FUNDING
V150240,2019-09-25,Yash,2019-10-21,ic,
V150241,2019-09-25,Preeti,2019-10-21,Mc,osap
V150242,2019-09-25,Preeti,2019-11-11,IC,PP
V150243,2019-09-25,Russ,2019-09-30,BA,OSAP
V150245,2019-09-25,Yash,2019-10-21,IC,
V150246,2019-09-27,Paterno/ Preeti,2019-10-21,IC,
V150247,2019-09-07,Preeti,2019-10-21,Ic,Osap 
V150248,2019-09-27,Yash,2019-11-11,PSW,
V150249,2019-09-27,Russ,2019-09-30,ITSS,OSAP
V150250,2019-09-27,Russ,2019-10-21,BA,OSAP
V150252,2019-09-28,Ankita,2020-01-06,SP,
V150253,2019-09-28,Paterno ,2019-09-30,APA,osap
V150254,2019-09-28,Preeti/Russ,2019-09-30,BA,Osap
V150255,2019-09-30,Preeti,2019-09-30,IC,Osap
V150256,2019-09-30,Preeti,2019-09-30,PA,Osap
V150257,2019-09-30,Yash,2019-10-07,MOA,
V150258,2019-10-01,Russ,2019-02-10,P,OSAP
V150259,2019-10-01,Russ,2019-10-07,WD,OSAP
V150260,2019-10-01,Preeti,2020-01-06,MS,osap
V150262,2019-10-02,Preeti,2019-10-07,HI,Osap
V150263,2019-10-03,Russ,2019-10-21,IC,OSAP
V150264,2019-10-03,Russ,2019-10-21,IC,OSAP
V150265,2019-10-03,Preeti,2019-10-28,MOA+HUC,PP + Osap
V150267,2019-10-05,Preeti,2019-10-07,IC,Osap
V150268,2019-10-05,Preeti,2019-10-07,MOA+HUC,Osap
V150269,2019-10-05,Preeti,2019-10-07,MOA+HUC,Osap
V150270,2019-10-07,Russ,2019-10-14,CST,OSAP
V150271,2019-10-08,Preeti,2019-10-21,IC,Osap
V150272,2019-10-08,Paterno,2019-10-07,IC,
V150273,2019-10-09,Preeti,2019-11-18,Ba,osap
V150274,2019-10-10,Paul,2019-10-28,BA,OSAP
V150275,2019-10-10,Preeti,2019-10-14,MC,Osap
V150276,2019-10-10,Russ,2019-11-11,IC,OSAP
V150277,2019-10-10,Preeti,2019-10-21,IC,Osap
V150278,2019-10-10,Paterno,2019-11-11,PSW,OSAP
V150279,2019-10-11,Preeti,2019-10-14,CA,Osap
V150280,2019-10-11,Paterno,2019-10-21,CA,Osap
V150281,2019-10-11,Preeti ,2019-11-11,P,Osap
V150282,2019-10-11,Preeti ,2019-10-21,P,Osap
V150283,2019-10-11,Preeti ,2019-10-21,P,Osap
V150284,2019-10-15,Russ,2019-10-28,BA,OSAP
V150285,2019-10-15,Russ,2019-10-21,APA,osap
V150286,2019-10-15,Preeti ,2019-10-21,AA,Osap
V150287,2019-10-15,Paul,2019-10-28,IC,OSAP
V150289,2019-10-15,Russ,2019-10-15,CA,OSAP
V150290,2019-10-15,Preeti,2019-10-15,MOA+HUC,osap
V150291,2019-10-15,Preeti ,2019-10-21,P,Osap
V150292,2019-10-16,Preeti,2019-11-11,P,
V150293,2019-10-16,Preeti,2019-10-21,IC,Osap
V150294,2019-10-16,Preeti,2019-10-21,IC,Osap
V150295,2019-10-16,Preeti,2019-10-21,MOA+HUC,Osap
V150349,2019-11-01,Russ,2020-01-06,IC,OSAP
V150297,2019-10-17,Paterno,2019-10-21,PA,osap
V150298,2019-10-18,Yash,2019-10-21,IC,OSAP
V150299,2019-10-18,Russ,2019-10-28,IC,OSAP
V150300,2019-10-18,Russ,2019-10-28,BA,OSAP
V150301,2019-10-19,Russ,2019-10-28,WD,OSAP
V150302,2019-10-19,Russ,2019-10-28,BA,OSAP
V150361,2019-11-04,Russ,2020-01-06,IC,OSAP
V150304,2019-10-21,Preeti,2019-11-11,IC,PP
V150305,2019-10-21,Russ,2019-10-21,IC,OSAP
V150307,2019-10-22,Russ,2019-11-11,IC,OSAP
V150308,2019-10-22,Paul,2019-11-11,ic,
v150309,2019-10-23,Preeti,2020-01-13,IC,Osap
V150310,2019-10-23,Paul,2019-10-28,IC,SELFPAY
V150311,2019-10-24,Preeti,2019-11-11,Ic,osap
V150312,2019-10-25,Paul,2019-10-28,HI,OSAP
V150313,2019-10-25,Paul,2019-11-11,IC,OSAP
V150314,2019-10-25,Preeti,2019-10-28,Moa,Osap
V150315,2019-10-25,Paterno,2019-10-28,MOA,OSAP
V150316,2019-10-26,Paul,2019-11-11,LASCO,OSAP
V150317,2019-10-28,Preeti,2019-10-28,HI,Osap
V150318,2019-10-28,Preeti,2019-10-28,BA,Osap
V150319,2019-10-28,Russ,2019-10-28,NA,OSAP
V150320,2019-10-28,Paul,2019-11-11,BA,OSAP
V150322,2019-10-28,Russ,2019-11-04,P,OSAP
V150323,2019-10-28,Russ,2019-11-11,IC,OSAP
V150324,2019-10-28,Preeti ,2019-10-28,MOA+HUC,Osap
V150325,2019-10-28,Preeti,2020-01-06,IC,PP
V150326,2019-10-24,Russ,2019-10-28,BA,OSAP
V150327,2019-10-29,Preeti ,2019-10-29,BA,Osap
V150328,2019-10-29,Preeti,2019-11-04,P,Osap
V150402,2019-11-16,Russ,2020-01-06,IC,OSAP
V150330,2019-10-29,Paul,2019-11-11,IC,OSAP
V150331,2019-10-29,Paterno,2019-12-16,CA,OSAP
V150332,2019-10-29,Paterno,2019-11-11,CA,OSAP
V150333,2019-10-29,Russ,2019-11-11,P,osap
V150335,2019-10-29,Preeti,2019-10-29,IC,Osap
V150336,2019-10-29,Guneet,2019-11-04,BA,Osap
V150337,2019-10-30,Preeti,2019-10-30,APA,Osap
V150338,2019-10-30,Preeti,2019-11-11,P,Osap 
V150339,2019-10-30,Preeti,2019-11-11,IC,Osap
V150340,2019-10-30,Guneet,2019-11-04,IC,
V150341,2019-10-31,Russ,2019-11-04,AA,OSAP
V150342,2019-10-31,Paul,2019-11-04,CEP,OSAP
V150343,2019-10-31,Preeti,2019-12-02,APA,Osap
V150344,2019-10-31,Paul,2019-11-11,IC,OSAP
V150345,2019-10-31,Preeti,2019-11-11,MOA+HUC,Osap 
V150346,2019-10-31,Preeti,2019-12-02,MOA+HUC,Osap
V150347,2019-10-31,Preeti,2019-11-04,BA,Osap 
V150348,2019-11-01,Russ,2019-11-04,CST,OSAP
V150429,2019-11-26,Russ,2020-01-06,IC,OSAP
V150350,2019-11-01,Preeti,2020-11-01,HI,Osap
V150351,2019-11-01,Preeti,2019-11-04,CEP,Osap
V150352,2019-11-01,Paterno,2019-11-04,CEP,OSAP
V150353,2019-11-01,Preeti,2019-11-11,MOA+HUC,Osap 
V150355,2019-11-01,Preeti,2019-11-11,BA,Osap
V150356,2019-11-01,Preeti,2019-11-11,BA,Osap
V150357,2019-11-02,Paterno,2019-11-11,APA,OSAP
V150358,2019-11-02,Preeti,2019-11-11,HI,Osap
V150359,2019-11-02,Preeti,2019-11-11,BA,Osap
V150462,2019-12-06,Russ,2020-01-06,PSW,OSAP
V150463,2019-12-06,Russ,2020-01-06,PSW,OSAP
V150363,2019-11-04,Preeti,2019-11-25,HI,Osap
V150364,2019-11-04,Guneet,2019-11-11,IC,Self funded
V150365,2019-11-04,Preeti,2019-11-25,IC,Osap
V150366,2019-11-05,Guneet,2019-11-11,IC,OSAP
V150367,2019-11-05,Paterno,2019-12-16,CA,OSAP
V150368,2019-11-06,Preeti,2019-11-11,BA,Osap
V150369,2019-11-06,Paul,2019-11-11,IC,OSAP
V150370,2019-11-06,Paterno,2019-11-11,MOA,OSAP
V150371,2019-11-07,Russ,2019-11-11,IC,OSAP
V150372,2019-11-07,Russ,2019-11-18,MOA+HUC,OSAP
V150373,2019-11-07,Russ,2019-11-11,P,OSAP
V150374,2019-11-07,Guneet,2019-11-11,IC,OSAP
V150472,2019-12-10,Russ,2020-01-06,CEP,OSAP
V150376,2019-11-07,Russ,2019-11-18,LASCO,OSAP
V150473,2019-12-10,Russ,2020-01-06,IC,OSAP
V150379,2019-11-08,Preeti,2019-11-11,Quick Books - Cert,PP
V150380,2019-11-08,Paul,2019-11-11,IC,OSAP
V150381,2019-11-08,Paterno,2019-11-28,BA,OSAP
V150382,2019-11-08,Preeti,2019-11-11,IC,Osap 
V150383,2019-11-08,Paul,2019-12-02,IC,OSAP
V150384,2019-11-09,Paul,2020-01-06,IC,OSAP
V150385,2019-11-11,Paul,2019-11-11,P,OSAP
V150386,2019-11-11,Russ,2019-11-11,ITSS,OSAP
V150475,2019-12-11,Russ,2020-01-06,IC,OSAP
V150389,2019-11-12,Preeti,2019-11-12,PSw,Osap 
V150390,2019-11-12,Russ,2019-11-12,IC,OSAP
V150391,2019-11-15,Russ,2019-11-18,BA,OSAP
V150392,2019-11-13,Paterno,2019-11-18,MOA,OSAP
V150488,2019-12-16,Russ,2020-01-06,IC,OSAP
V150489,2019-12-16,Russ,2020-01-06,IC,OSAP
V150491,2019-12-20,Russ,2020-01-06,CA,OSAP
V150396,2019-11-14,Paterno,2019-11-18,HI,OSAP
V150500,2019-12-20,Russ,2020-01-06,IC,OSAP
V150398,2019-11-14,Russ,2019-11-18,IC,OSAP
V150399,2019-11-16,Russ,2019-11-18,IC,OSAP
V150399,2019-11-14,Russ,2019-11-11,IC,OSAP
V150400,2019-11-15,Paul,2020-01-27,IC,OSAP
V150504,2019-12-21,Russ,2020-01-06,IC,OSAP
V150505,2019-12-21,Russ,2020-01-06,IC,OSAP
V150506,2019-12-21,Russ,2020-01-06,IC,OSAP
V150404,2019-11-19,Preeti,2019-12-02,IC ,OSAP
V150405,2019-11-19,Paul,2020-01-27,IC,OSAP
V150406,2019-11-19,Preeti,2019-12-09,PA,Osap
V150507,2019-12-21,Russ,2020-01-06,IC,OSAP
V150408,2019-11-20,Russ,2019-11-25,LSO,OSAP
V150409,2019-11-20,Russ,2019-11-25,LSO,OSAP
V150410,2019-11-20,Paul,2019-12-09,,OSAP
V150411,2019-11-20,Russ,2019-11-25,NA,OSAP
V150508,2019-12-21,Russ,2020-01-06,IC,OSAP
V150413,2019-11-22,Paterno,2019-11-25,APA,OSAP
V150414,2019-11-22,Paterno,2019-11-25,BA,OSAP
V150415,2019-11-22,Preeti,2020-01-06,BA,Osap 
V150416,2019-11-22,Preeti,2020-01-06,IC ,PP
V150417,2019-11-22,Paterno,2019-11-25,WD,OSAP
V150418,2019-11-23,Paterno,2019-01-06,CA,OSAP
V150419,2019-11-23,Paterno,2019-12-02,CA,OSAP
V150420,2019-11-23,Paterno,2020-01-06,PSW,OSAP
V150421,2019-11-23,Paul,2019-12-09,,Osap
V150422,2019-11-25,Russ,2019-11-25,MC,OSAP
V150423,2019-11-25,Paterno,2019-12-02,IC,OSAP
V150424,2019-11-25,Guneet,2020-01-13,IC,
V150425,2019-11-25,Paterno,2020-03-23,Paralegal,osap
V150201,2019-09-06,Russ,2020-01-13,IC,OSAP
V150427,2019-11-25,Russ,2019-12-02,IC,OSAP
V150428,2019-11-26,Paterno,2019-12-02,BA,OSAP
V150393,2019-11-13,Russ,2020-01-13,IC,OSAP
V150394,2019-11-13,Russ,2020-01-13,IC,OSAP
V150431,2019-11-26,Preeti,2020-01-20,LSCO,PP
V150433,2019-11-27,Guneet,2019-12-02,IC,OSAP
V150434,2019-11-27,Preeti ,2020-01-20,Ic,Osap
V150435,2019-11-27,Guneet,2019-12-02,IC,OSAP
V150436,2019-11-27,Preeti,2020-01-13,IC ,Osap
V150437,2019-11-27,Preeti/Paterno,2020-03-18,IC,PP
V150438,2019-11-27,Paterno,2019-12-02,PSW,OSAP
V150439,2019-11-27,Preeti,2020-01-06,IC,osap
V150440,2019-11-28,Preeti,2019-12-09,AA,osap
V150441,2019-11-28,Paterno,2020-01-06,IC,OSAP
V150442,2019-11-28,Guneet,2020-01-20,IC,
V150443,2019-11-28,Paul,2020-01-13,IC,OSAP
V150395,2019-11-14,Russ,2020-01-13,IC,OSAP
V150444,2019-11-29,Russ,2020-01-13,IC,OSAP
V150446,2019-11-30,Russ,2019-01-06,IC,OSAP
V150447,2019-11-30,Paul,2020-01-13,IC,OSAP
V150448,2019-12-02,Russ,2019-12-02,BA,OSAP
V150449,2019-12-02,Guneet,2019-12-09,PSW,OSAP
V150450,2019-12-02,Paterno,2019-12-04,CA,OSAP
V150451,2019-12-02,Russ,2019-12-03,PSW,OSAP
V150452,2019-12-03,Preeti ,2019-12-03,MOA+ huc ,Osap 
V150445,2019-11-30,Russ,2020-01-13,IC,OSAP
V150454,2019-12-03,Preeti ,2020-12-02,BA,Osap 
V150455,2019-12-03,Preeti,2019-12-02,IC ,Osap 
V150456,2019-12-03,Preeti ,2019-12-09,APA,Osap
V150457,2019-12-03,Russ,2019-01-13,IC,OSAP
V150458,2019-12-04,Paterno,2020-01-06,MOA-HUC,OSAP
V150459,2019-12-05,Preeti,2020-01-06,IC,osap
V150460,2019-12-05,Paul,2020-01-20,LSCO,OSAP
V150461,2019-12-06,Russ,2019-12-09,PSW,OSAP
V150453,2019-12-03,Russ,2020-01-13,IC,OSAP
V150478,2019-12-12,Russ,2020-01-13,IC,OSAP
V150464,2019-12-06,Russ,2019-12-09,MOA,OSAP
V150465,2019-12-06,Russ,2019-12-16,BA,OSAP
V150466,2019-12-06,Russ,2019-12-09,BA,OSAP
V150467,2019-12-07,Russ,2019-12-16,BA,OSAP
V150468,2019-12-07,Russ,2019-12-16,BA,OSAP
V150469,2019-12-07,Paul,2020-01-06,BA,OSAP
V150470,2019-12-09,Russ,2019-12-16,BA,OSAP
V150479,2019-12-12,Russ,2020-01-13,IC,OSAP
V150502,2019-12-20,Russ,2020-01-13,IC,OSAP
V150509,2019-12-23,Russ,2020-01-13,IC,FINANCING
V150474,2019-12-10,Paterno,2020-04-13,PSW,OSAP
V150511,2019-12-23,Russ,2020-01-13,IC,OSAP
V150476,2019-12-11,Guneet,2019-12-16,MOA+HUC,OSAP
V150477,2019-12-11,Preeti,2019-12-11,BA,OSAP
V150519,2020-01-07,Russ/Paul,2020-01-13,BA,OSAP
V150526,2020-01-09,Russ/Paterno,2020-01-13,PSW,OSAP
V150480,2019-12-12,Paterno,2020-04-13,PSW,OSAP
V150481,2019-12-12,Paul,2020-04-13,PSW,OSAP
V150482,2019-12-13,Guneet,2020-01-27,IC,
V150483,2019-12-13,Preeti,2020-01-06,IC ,Osap
V150484,2019-12-13,Preeti,2020-01-13,IC,Osap
V150485,2019-12-13,Paul,2020-01-06,IC,OSAP
V150486,2019-12-13,Preeti ,2020-01-13,IC,Osap
V150487,2019-12-16,Preeti,2020-01-06,APA,Osap
V150329,2019-10-29,Russ,2020-01-20,IC,OSAP
V150503,2020-12-20,Russ,2020-01-20,LSCO,OSAP
V150490,2019-12-16,Paterno,2020-04-13,PSW,OSAP
V150524,2020-01-08,Russ/Paul,2020-01-20,WD,OSAP
V150535,2020-01-11,Russ/Paterno,2020-01-20,BA,OSAP
V150493,2019-12-18,Paul,2020-01-06,BA,OSAP
V150494,2019-12-18,Paul,2020-01-06,WEB Design,OSAP
V150495,2019-12-18,Paterno,2020-01-06,BA,OSAP
V150536,2020-01-13,Russ,2020-01-20,IC,OSAP
V150497,2019-12-19,Paterno,2020-01-06,CA,OSAP
V150498,2019-12-20,Paul,2020-01-06,MC,OSAP
V150499,2019-12-20,Paul,2020-01-06,HI,OSAP
V150296,2019-10-17,Russ,2020-01-27,AM,osap
V150501,2019-12-20,Guneet,2020-01-13,IC,OSAP
V150397,2019-11-14,Russ,2020-01-27,IC,OSAP
V150471,2019-12-10,Russ,2020-01-27,CEP,OSAP
V150496,2019-12-19,Russ,2020-01-27,IC,OSAP
V150534,2020-01-11,Russ/Paterno,2020-01-27,CA,OSAP
V150407,2019-11-20,Russ/Gunette,2020-02-03,IC,OSAP
V150375,2019-11-07,Russ,2020-02-10,IC,OSAP
V150510,2019-12-23,Russ,2020-02-10,SP,OSAP
V150403,2019-11-18,Russ,2020-02-24,IC,OSAP
V150430,2019-11-26,Russ,2020-02-24,IC,OSAP
V150492,2019-12-17,Russ,2020-03-02,IC,OSAP
V150512,2019-12-24,Guneet,2020-01-06,IC,OSAP
V150513,2020-01-03,Guneet,2020-01-27,IC,OSAP
V150514,2020-01-06,Preeti/Paul,2020-01-06,IC,OSAP
V150515,2020-01-06,Paterno,2020-01-20,APA,OSAP
V150516,2020-01-07,Preeti/Guneet,2020-01-13,HI,OSAP
V150517,2020-01-07,Preeti/Guneet,2020-01-13,HI,OSAP
V150518,2020-01-07,Paterno,2019-01-13,APA,OSAP
V150426,2019-11-25,Russ,2020-03-15,Paralegal,OSAP
V150520,2020-01-07,Guneet,2020-04-06,IC,OSAP
V150521,2020-01-08,Guneet,2020-01-13,IC,OSAP
V150522,2020-01-08,Guneet,2020-04-06,IC,OSAP
V150523,2020-01-08,Guneet,2020-01-20,IC,OSAP
V150412,2019-11-21,Russ,2020-03-23,IC,SELF FUNDING
V150525,2020-01-08,Russ/Paul,2020-03-23,IC,OSAP
V150360,2019-11-02,Russ,2020-04-06,IC,OSAP
V150527,2020-01-09,Guneet,2020-01-13,IC,
V150528,2020-01-09,Paul,2020-02-03,IC,OSAP
V150529,2020-01-09,Paul,2020-01-27,IC,OSAP
V150530,2020-01-10,Guneet,2020-01-27,IC,OSAP
V150531,2020-01-10,Guneet,2020-01-20,IC,OSAP
V150532,2020-01-10,Guneet,2020-01-13,IC,OSAP
V150533,2020-01-11,Paterno,2020-04-13,PSW,OSAP
V150377,2019-11-07,Russ,2020-04-06,IC,OSAP
V150401,2019-11-16,Russ/Preeti,2020-04-06,IC,OSAP
V150388,2019-11-11,Russ,2020-04-20,IC,OSAP
V150537,2020-01-13,Paul,2020-01-13,CSIC,OSAP
V150538,2020-01-13,Paterno,2020-01-27,PSW,OSAP
V150539,,,,,
V150540,,,,,
V150541,,,,,
V150542,,,,,
V150543,,,,,
V150544,,,,,
V150545,,,,,
V150546,,,,,
V150547,,,,,
V150548,,,,,
V150549,,,,,
V150550,,,,,
V150551,,,,,
V150552,,,,,
V150553,,,,,
V150554,,,,,
V150555,,,,,
V150556,,,,,
V150557,,,,,
V150558,,,,,
V150559,,,,,
V150560,,,,,
V150561,,,,,
V150562,,,,,
V150563,,,,,
V150564,,,,,
V150565,,,,,
V150566,,,,,
V150567,,,,,
V150568,,,,,
V150569,,,,,
V150570,,,,,
V150571,,,,,
V150572,,,,,
V150573,,,,,
V150574,,,,,
V150575,,,,,
V150576,,,,,
V150577,,,,,
V150578,,,,,
V150579,,,,,
V150580,,,,,
V150581,,,,,
V150582,,,,,
V150583,,,,,
V150584,,,,,
V150585,,,,,
V150586,,,,,
V150587,,,,,
V150588,,,,,
V150589,,,,,
V150590,,,,,
V150591,,,,,
V150592,,,,,
V150593,,,,,
V150594,,,,,
V150595,,,,,
V150596,,,,,
V150597,,,,,
V150598,,,,,
V150599,,,,,
V150600,,,,,
V150601,,,,,
V150602,,,,,
V150603,,,,,
V150604,,,,,
V150605,,,,,
V150606,,,,,
V150607,,,,,
V150608,,,,,
V150609,,,,,
V150610,,,,,
V150611,,,,,
V150612,,,,,
V150613,,,,,
V150614,,,,,
V150615,,,,,
V150616,,,,,
V150617,,,,,
V150618,,,,,
V150619,,,,,
V150620,,,,,
V150621,,,,,
V150622,,,,,
V150623,,,,,
V150624,,,,,
V150625,,,,,
V150626,,,,,
V150627,,,,,
V150628,,,,,
V150629,,,,,
V150630,,,,,
V150631,,,,,
V150632,,,,,
V150633,,,,,
V150634,,,,,
V150635,,,,,
V150636,,,,,
V150637,,,,,
V150638,,,,,
V150639,,,,,
V150640,,,,,
V150641,,,,,
V150642,,,,,
V150643,,,,,
V150644,,,,,
V150645,,,,,
V150646,,,,,
V150647,,,,,
V150648,,,,,
V150649,,,,,
V150650,,,,,
V150651,,,,,
V150652,,,,,
V150653,,,,,
V150654,,,,,
V150655,,,,,
V150656,,,,,
V150657,,,,,
V150658,,,,,
V150659,,,,,
V150660,,,,,
V150661,,,,,
V150662,,,,,
V150663,,,,,
V150664,,,,,
V150665,,,,,
V150666,,,,,
V150667,,,,,
V150668,,,,,
V150669,,,,,
V150670,,,,,
V150671,,,,,
V150672,,,,,
V150673,,,,,
V150674,,,,,
V150675,,,,,
V150676,,,,,
V150677,,,,,
V150678,,,,,
V150679,,,,,
V150680,,,,,
V150681,,,,,
V150682,,,,,
V150683,,,,,
V150684,,,,,
V150685,,,,,
V150686,,,,,
V150687,,,,,
V150688,,,,,
V150689,,,,,
V150690,,,,,
V150691,,,,,
V150692,,,,,
V150693,,,,,
V150694,,,,,
V150695,,,,,
V150696,,,,,
V150697,,,,,
V150698,,,,,
V150699,,,,,
V150700,,,,,
V150701,,,,,
V150702,,,,,
V150703,,,,,
V150704,,,,,
V150705,,,,,
V150706,,,,,
V150707,,,,,
V150708,,,,,
V150709,,,,,
V150710,,,,,
V150711,,,,,
V150712,,,,,
V150713,,,,,
V150714,,,,,
V150715,,,,,
V150716,,,,,
V150717,,,,,
V150718,,,,,
V150719,,,,,
V150720,,,,,
V150721,,,,,
V150722,,,,,
V150723,,,,,
V150724,,,,,
V150725,,,,,
V150726,,,,,
V150727,,,,,
V150728,,,,,
V150729,,,,,
V150730,,,,,
V150731,,,,,
V150732,,,,,
V150733,,,,,
V150734,,,,,
V150735,,,,,
V150736,,,,,
V150737,,,,,
V150738,,,,,
V150739,,,,,
V150740,,,,,
V150741,,,,,
V150742,,,,,
V150743,,,,,
V150744,,,,,
V150745,,,,,
V150746,,,,,
V150747,,,,,
V150748,,,,,
V150749,,,,,
V150750,,,,,
V150751,,,,,
V150752,,,,,
V150753,,,,,
V150754,,,,,
V150755,,,,,
V150756,,,,,
V150757,,,,,
V150758,,,,,
V150759,,,,,
V150760,,,,,
V150761,,,,,
V150762,,,,,
V150763,,,,,
V150764,,,,,
V150765,,,,,
V150766,,,,,
V150767,,,,,
V150768,,,,,
V150769,,,,,
V150770,,,,,
V150771,,,,,
V150772,,,,,
V150773,,,,,
V150774,,,,,
V150775,,,,,
V150776,,,,,
V150777,,,,,
V150778,,,,,
V150779,,,,,
V150780,,,,,
V150781,,,,,
V150782,,,,,
V150783,,,,,
V150784,,,,,
V150785,,,,,
V150786,,,,,
V150787,,,,,
V150788,,,,,
V150789,,,,,
V150790,,,,,
V150791,,,,,
V150792,,,,,
V150793,,,,,
V150794,,,,,
V150795,,,,,
V150796,,,,,
V150797,,,,,
V150798,,,,,
V150799,,,,,
V150800,,,,,
V150801,,,,,
V150802,,,,,
V150803,,,,,
V150804,,,,,
V150805,,,,,
V150806,,,,,
V150807,,,,,
V150808,,,,,
V150809,,,,,
V150810,,,,,
V150811,,,,,
V150812,,,,,
V150813,,,,,
V150814,,,,,
V150815,,,,,
V150816,,,,,
V150817,,,,,
V150818,,,,,
V150819,,,,,
V150820,,,,,
V150821,,,,,
V150822,,,,,
V150823,,,,,
V150824,,,,,
V150825,,,,,
V150826,,,,,
V150827,,,,,
V150828,,,,,
V150829,,,,,
V150830,,,,,
V150831,,,,,
V150832,,,,,
V150833,,,,,
V150834,,,,,
V150835,,,,,
V150836,,,,,
V150837,,,,,
V150838,,,,,
V150839,,,,,
V150840,,,,,
V150841,,,,,
V150842,,,,,
V150843,,,,,
V150844,,,,,
V150845,,,,,
V150846,,,,,
V150847,,,,,
V150848,,,,,
V150849,,,,,
V150850,,,,,
V150851,,,,,
V150852,,,,,
V150853,,,,,
V150854,,,,,
V150855,,,,,
V150856,,,,,
V150857,,,,,
V150858,,,,,
V150859,,,,,
V150860,,,,,
V150861,,,,,
V150862,,,,,
V150863,,,,,
V150864,,,,,
V150865,,,,,
V150866,,,,,
V150867,,,,,
V150868,,,,,
V150869,,,,,
V150870,,,,,
V150871,,,,,
V150872,,,,,
V150873,,,,,
V150874,,,,,
V150875,,,,,
V150876,,,,,
V150877,,,,,
V150878,,,,,
V150879,,,,,
V150880,,,,,
V150881,,,,,
V150882,,,,,
V150883,,,,,
V150884,,,,,
V150885,,,,,
V150886,,,,,
V150887,,,,,
V150888,,,,,
V150889,,,,,
V150890,,,,,
V150891,,,,,
V150892,,,,,
V150893,,,,,
V150894,,,,,
V150895,,,,,
V150896,,,,,
V150897,,,,,
V150898,,,,,
V150899,,,,,
V150900,,,,,
V150901,,,,,
V150902,,,,,
V150903,,,,,
V150904,,,,,
V150905,,,,,
V150906,,,,,
V150907,,,,,
V150908,,,,,
V150909,,,,,
V150910,,,,,
V150911,,,,,
V150912,,,,,
V150913,,,,,
V150914,,,,,
V150915,,,,,
V150916,,,,,
V150917,,,,,
V150918,,,,,
V150919,,,,,
V150920,,,,,
V150921,,,,,
V150922,,,,,
V150923,,,,,
V150924,,,,,
V150925,,,,,
V150926,,,,,
V150927,,,,,
V150928,,,,,
V150929,,,,,
V150930,,,,,
V150931,,,,,
V150932,,,,,
V150933,,,,,
V150934,,,,,
V150935,,,,,
V150936,,,,,
V150937,,,,,
V150938,,,,,
V150939,,,,,
V150940,,,,,
V150941,,,,,
V150942,,,,,
V150943,,,,,
V150944,,,,,
V150945,,,,,
V150946,,,,,
V150947,,,,,
V150948,,,,,
V150949,,,,,
V150950,,,,,
V150951,,,,,
V150952,,,,,
V150953,,,,,
V150954,,,,,
V150955,,,,,
V150956,,,,,
V150957,,,,,
V150958,,,,,
V150959,,,,,
V150960,,,,,
V150961,,,,,
V150962,,,,,
V150963,,,,,
V150964,,,,,
V150965,,,,,
V150966,,,,,
V150967,,,,,
V150968,,,,,
V150969,,,,,
V150970,,,,,
V150971,,,,,
V150972,,,,,
V150973,,,,,
V150974,,,,,
V150975,,,,,
V150976,,,,,
V150977,,,,,
V150978,,,,,
V150979,,,,,
V150980,,,,,
V150981,,,,,
V150982,,,,,
V150983,,,,,
V150984,,,,,
V150985,,,,,
V150986,,,,,
V150987,,,,,
V150988,,,,,
V150989,,,,,
V150990,,,,,
V150991,,,,,
V150992,,,,,
V150993,,,,,
V150994,,,,,
V150995,,,,,
V150996,,,,,
V150997,,,,,
V150998,,,,,
V150999,,,,,
V151000,,,,,
V151001,,,,,
V151002,,,,,
V151003,,,,,
V151004,,,,,
V151005,,,,,
V151006,,,,,
V151007,,,,,
V151008,,,,,
V151009,,,,,
V151010,,,,,
V151011,,,,,
V151012,,,,,
V151013,,,,,
V151014,,,,,
V151015,,,,,
V151016,,,,,
V151017,,,,,
V151018,,,,,
V151019,,,,,
V151020,,,,,
V151021,,,,,
V151022,,,,,
V151023,,,,,
V151024,,,,,
V151025,,,,,
V151026,,,,,
V151027,,,,,
V151028,,,,,
V151029,,,,,
V151030,,,,,
V151031,,,,,
V151032,,,,,
V151033,,,,,
V151034,,,,,
V151035,,,,,
V151036,,,,,
V151037,,,,,
V151038,,,,,
V151039,,,,,
V151040,,,,,
V151041,,,,,
V151042,,,,,
V151043,,,,,
V151044,,,,,
V151045,,,,,
V151046,,,,,
V151047,,,,,
V151048,,,,,
V151049,,,,,
V151050,,,,,
V151051,,,,,
V151052,,,,,
V151053,,,,,
V151054,,,,,
V151055,,,,,
V151056,,,,,
V151057,,,,,
V151058,,,,,
V151059,,,,,
V151060,,,,,
V151061,,,,,
V151062,,,,,
V151063,,,,,
V151064,,,,,
V151065,,,,,
V151066,,,,,
V151067,,,,,
V151068,,,,,
V151069,,,,,
V151070,,,,,
V151071,,,,,
V151072,,,,,
V151073,,,,,
V151074,,,,,
V151075,,,,,
V151076,,,,,
V151077,,,,,
V151078,,,,,
V151079,,,,,
V151080,,,,,
V151081,,,,,
V151082,,,,,
V151083,,,,,
V151084,,,,,
V151085,,,,,
V151086,,,,,
V151087,,,,,
V151088,,,,,
V151089,,,,,
V151090,,,,,
V151091,,,,,
V151092,,,,,
V151093,,,,,
V151094,,,,,
V151095,,,,,
V151096,,,,,
V151097,,,,,
V151098,,,,,
V151099,,,,,
V151100,,,,,
V151101,,,,,
V151102,,,,,
V151103,,,,,
V151104,,,,,
V151105,,,,,
V151106,,,,,
V151107,,,,,
V151108,,,,,
V151109,,,,,
V151110,,,,,
V151111,,,,,
V151112,,,,,
V151113,,,,,
V151114,,,,,
V151115,,,,,
V151116,,,,,
V151117,,,,,
V151118,,,,,
V151119,,,,,
V151120,,,,,
V151121,,,,,
V151122,,,,,
V151123,,,,,
V151124,,,,,
V151125,,,,,
V151126,,,,,
V151127,,,,,
V151128,,,,,
V151129,,,,,
V151130,,,,,
V151131,,,,,
V151132,,,,,
V151133,,,,,
V151134,,,,,
V151135,,,,,
V151136,,,,,
V151137,,,,,
V151138,,,,,
V151139,,,,,
V151140,,,,,
V151141,,,,,
V151142,,,,,
V151143,,,,,
V151144,,,,,
V151145,,,,,
V151146,,,,,
V151147,,,,,
V151148,,,,,
V151149,,,,,
V151150,,,,,
V151151,,,,,
V151152,,,,,
V151153,,,,,
V151154,,,,,
V151155,,,,,
V151156,,,,,
V151157,,,,,
V151158,,,,,
V151159,,,,,
V151160,,,,,
V151161,,,,,
V151162,,,,,
V151163,,,,,
V151164,,,,,
V151165,,,,,
V151166,,,,,
V151167,,,,,
V151168,,,,,
V151169,,,,,
V151170,,,,,
V151171,,,,,
V151172,,,,,
V151173,,,,,
V151174,,,,,
V151175,,,,,
V151176,,,,,
V151177,,,,,
V151178,,,,,
V151179,,,,,
V151180,,,,,
V151181,,,,,
V151182,,,,,
V151183,,,,,
V151184,,,,,
V151185,,,,,
V151186,,,,,
V151187,,,,,
V151188,,,,,
V151189,,,,,
V151190,,,,,
V151191,,,,,
V151192,,,,,
V151193,,,,,
V151194,,,,,
V151195,,,,,
V151196,,,,,
V151197,,,,,
V151198,,,,,
V151199,,,,,
V151200,,,,,
V151201,,,,,
V151202,,,,,
V151203,,,,,
V151204,,,,,
V151205,,,,,
V151206,,,,,
V151207,,,,,
V151208,,,,,
V151209,,,,,
V151210,,,,,
V151211,,,,,
V151212,,,,,
V151213,,,,,
V151214,,,,,
V151215,,,,,
V151216,,,,,
V151217,,,,,
V151218,,,,,
V151219,,,,,
V151220,,,,,
V151221,,,,,
V151222,,,,,
V151223,,,,,
V151224,,,,,
V151225,,,,,
V151226,,,,,
V151227,,,,,
V151228,,,,,
V151229,,,,,
V151230,,,,,
V151231,,,,,
V151232,,,,,
V151233,,,,,
V151234,,,,,
V151235,,,,,
V151236,,,,,
V151237,,,,,
V151238,,,,,
V151239,,,,,
V151240,,,,,
V151241,,,,,
V151242,,,,,
V151243,,,,,
V151244,,,,,
V151245,,,,,
V151246,,,,,
V151247,,,,,
V151248,,,,,
V151249,,,,,
V151250,,,,,
V151251,,,,,
V151252,,,,,
V151253,,,,,
V151254,,,,,
V151255,,,,,
V151256,,,,,
V151257,,,,,
V151258,,,,,
V151259,,,,,
V151260,,,,,
V151261,,,,,
V151262,,,,,
V151263,,,,,
V151264,,,,,
V151265,,,,,
V151266,,,,,
V151267,,,,,
V151268,,,,,
V151269,,,,,
V151270,,,,,
V151271,,,,,
V151272,,,,,
V151273,,,,,
V151274,,,,,
V151275,,,,,
V151276,,,,,
V151277,,,,,
V151278,,,,,
V151279,,,,,
V151280,,,,,
V151281,,,,,
V151282,,,,,
V151283,,,,,
V151284,,,,,
V151285,,,,,
V151286,,,,,
V151287,,,,,
V151288,,,,,
V151289,,,,,
V151290,,,,,
V151291,,,,,
V151292,,,,,
V151293,,,,,
V151294,,,,,
V151295,,,,,
V151296,,,,,
V151297,,,,,
V151298,,,,,
V151299,,,,,
V151300,,,,,
V151301,,,,,
V151302,,,,,
V151303,,,,,
V151304,,,,,
V151305,,,,,
V151306,,,,,
V151307,,,,,
V151308,,,,,
V151309,,,,,
V151310,,,,,
V151311,,,,,
V151312,,,,,
V151313,,,,,
V151314,,,,,
V151315,,,,,
V151316,,,,,
V151317,,,,,
V151318,,,,,
V151319,,,,,
V151320,,,,,
V151321,,,,,
V151322,,,,,
V151323,,,,,
V151324,,,,,
V151325,,,,,
V151326,,,,,
V151327,,,,,
V151328,,,,,
V151329,,,,,
V151330,,,,,
V151331,,,,,
V151332,,,,,
V151333,,,,,
V151334,,,,,
V151335,,,,,
V151336,,,,,
V151337,,,,,
V151338,,,,,
V151339,,,,,
V151340,,,,,
V151341,,,,,
V151342,,,,,
V151343,,,,,
V151344,,,,,
V151345,,,,,
V151346,,,,,
V151347,,,,,
V151348,,,,,
V151349,,,,,
V151350,,,,,
V151351,,,,,
V151352,,,,,
V151353,,,,,
V151354,,,,,
V151355,,,,,
V151356,,,,,
V151357,,,,,
V151358,,,,,
V151359,,,,,
V151360,,,,,
V151361,,,,,
V151362,,,,,
V151363,,,,,
V151364,,,,,
V151365,,,,,
V151366,,,,,
V151367,,,,,
V151368,,,,,
V151369,,,,,
V151370,,,,,
V151371,,,,,
V151372,,,,,
V151373,,,,,
V151374,,,,,
V151375,,,,,
V151376,,,,,
V151377,,,,,
V151378,,,,,
V151379,,,,,
V151380,,,,,
V151381,,,,,
V151382,,,,,
V151383,,,,,
V151384,,,,,
V151385,,,,,
V151386,,,,,
V151387,,,,,
V151388,,,,,
V151389,,,,,
V151390,,,,,
V151391,,,,,
V151392,,,,,
V151393,,,,,
V151394,,,,,
V151395,,,,,
V151396,,,,,
V151397,,,,,
V151398,,,,,
V151399,,,,,
V151400,,,,,
V151401,,,,,
V151402,,,,,
V151403,,,,,
V151404,,,,,
V151405,,,,,
V151406,,,,,
V151407,,,,,
V151408,,,,,
V151409,,,,,
V151410,,,,,
V151411,,,,,
V151412,,,,,
V151413,,,,,
V151414,,,,,
V151415,,,,,
V151416,,,,,
V151417,,,,,
V151418,,,,,
V151419,,,,,
V151420,,,,,
V151421,,,,,
V151422,,,,,
V151423,,,,,
V151424,,,,,
V151425,,,,,
V151426,,,,,
V151427,,,,,
V151428,,,,,
V151429,,,,,
V151430,,,,,
V151431,,,,,
V151432,,,,,
V151433,,,,,
V151434,,,,,
V151435,,,,,
V151436,,,,,
V151437,,,,,
V151438,,,,,
V151439,,,,,
V151440,,,,,
V151441,,,,,
V151442,,,,,
V151443,,,,,
V151444,,,,,
V151445,,,,,
V151446,,,,,
V151447,,,,,
V151448,,,,,
V151449,,,,,
V151450,,,,,
V151451,,,,,
V151452,,,,,
V151453,,,,,
V151454,,,,,
V151455,,,,,
V151456,,,,,
V151457,,,,,
V151458,,,,,
V151459,,,,,
V151460,,,,,
V151461,,,,,
V151462,,,,,
V151463,,,,,
V151464,,,,,
V151465,,,,,
V151466,,,,,
V151467,,,,,
V151468,,,,,
V151469,,,,,
V151470,,,,,
V151471,,,,,
V151472,,,,,
V151473,,,,,
V151474,,,,,
V151475,,,,,
V151476,,,,,
V151477,,,,,
V151478,,,,,
V151479,,,,,
V151480,,,,,
V151481,,,,,
V151482,,,,,
V151483,,,,,
V151484,,,,,
V151485,,,,,
V151486,,,,,
V151487,,,,,
V151488,,,,,
V151489,,,,,
V151490,,,,,
V151491,,,,,
V151492,,,,,
V151493,,,,,
V151494,,,,,
V151495,,,,,
V151496,,,,,
V151497,,,,,
V151498,,,,,
V151499,,,,,
V151500,,,,,
V151501,,,,,
V151502,,,,,
V151503,,,,,
V151504,,,,,
V151505,,,,,
V151506,,,,,
V151507,,,,,
V151508,,,,,
V151509,,,,,
V151510,,,,,
V151511,,,,,
V151512,,,,,
V151513,,,,,
V151514,,,,,
V151515,,,,,
V151516,,,,,
V151517,,,,,
V151518,,,,,
V151519,,,,,
V151520,,,,,
V151521,,,,,
V151522,,,,,
V151523,,,,,
V151524,,,,,
V151525,,,,,
V151526,,,,,
V151527,,,,,
V151528,,,,,
V151529,,,,,
V151530,,,,,
V151531,,,,,
V151532,,,,,
V151533,,,,,
V151534,,,,,
V151535,,,,,
V151536,,,,,
V151537,,,,,
V151538,,,,,
V151539,,,,,
V151540,,,,,
V151541,,,,,
V151542,,,,,
V151543,,,,,
V151544,,,,,
V151545,,,,,
V151546,,,,,
V151547,,,,,
V151548,,,,,
V151549,,,,,
V151550,,,,,
V151551,,,,,
V151552,,,,,
V151553,,,,,
V151554,,,,,
V151555,,,,,
V151556,,,,,
V151557,,,,,
V151558,,,,,
V151559,,,,,
V151560,,,,,
V151561,,,,,
V151562,,,,,
V151563,,,,,
V151564,,,,,
V151565,,,,,
V151566,,,,,
V151567,,,,,
V151568,,,,,
V151569,,,,,
V151570,,,,,
V151571,,,,,
V151572,,,,,
V151573,,,,,
V151574,,,,,
V151575,,,,,
V151576,,,,,
V151577,,,,,
V151578,,,,,
V151579,,,,,
V151580,,,,,
V151581,,,,,
V151582,,,,,
V151583,,,,,
V151584,,,,,
V151585,,,,,
V151586,,,,,
V151587,,,,,
V151588,,,,,
V151589,,,,,
V151590,,,,,
V151591,,,,,
V151592,,,,,
V151593,,,,,
V151594,,,,,
V151595,,,,,
V151596,,,,,
V151597,,,,,
V151598,,,,,
V151599,,,,,
V151600,,,,,
V151601,,,,,
V151602,,,,,
V151603,,,,,
V151604,,,,,
V151605,,,,,
V151606,,,,,
V151607,,,,,
V151608,,,,,
V151609,,,,,
V151610,,,,,
V151611,,,,,
V151612,,,,,
V151613,,,,,
V151614,,,,,
V151615,,,,,
V151616,,,,,
V151617,,,,,
V151618,,,,,
V151619,,,,,
V151620,,,,,
V151621,,,,,
V151622,,,,,
V151623,,,,,
V151624,,,,,
V151625,,,,,
V151626,,,,,
V151627,,,,,
V151628,,,,,
V151629,,,,,
V151630,,,,,
V151631,,,,,
V151632,,,,,
V151633,,,,,
V151634,,,,,
V151635,,,,,
V151636,,,,,
V151637,,,,,
V151638,,,,,
V151639,,,,,
V151640,,,,,
V151641,,,,,
V151642,,,,,
V151643,,,,,
V151644,,,,,
V151645,,,,,
V151646,,,,,
V151647,,,,,
V151648,,,,,
V151649,,,,,
V151650,,,,,
V151651,,,,,
V151652,,,,,
V151653,,,,,
V151654,,,,,
V151655,,,,,
V151656,,,,,
V151657,,,,,
V151658,,,,,
V151659,,,,,
V151660,,,,,
V151661,,,,,
V151662,,,,,
V151663,,,,,
V151664,,,,,
V151665,,,,,
V151666,,,,,
V151667,,,,,
V151668,,,,,
V151669,,,,,
V151670,,,,,
V151671,,,,,
V151672,,,,,
V151673,,,,,
V151674,,,,,
V151675,,,,,
V151676,,,,,
V151677,,,,,
V151678,,,,,
V151679,,,,,
V151680,,,,,
V151681,,,,,
V151682,,,,,
V151683,,,,,
V151684,,,,,
V151685,,,,,
V151686,,,,,
V151687,,,,,
V151688,,,,,
V151689,,,,,
V151690,,,,,
V151691,,,,,
V151692,,,,,
V151693,,,,,
V151694,,,,,
V151695,,,,,
V151696,,,,,
V151697,,,,,
V151698,,,,,
V151699,,,,,
V151700,,,,,
V151701,,,,,
V151702,,,,,
V151703,,,,,
V151704,,,,,
V151705,,,,,
V151706,,,,,
V151707,,,,,
V151708,,,,,
V151709,,,,,
V151710,,,,,
V151711,,,,,
V151712,,,,,
V151713,,,,,
V151714,,,,,
V151715,,,,,
V151716,,,,,
V151717,,,,,
V151718,,,,,
V151719,,,,,
V151720,,,,,
V151721,,,,,
V151722,,,,,
V151723,,,,,
V151724,,,,,
V151725,,,,,
V151726,,,,,
V151727,,,,,
V151728,,,,,
V151729,,,,,
V151730,,,,,
V151731,,,,,
V151732,,,,,
V151733,,,,,
V151734,,,,,
V151735,,,,,
V151736,,,,,
V151737,,,,,
V151738,,,,,
V151739,,,,,
V151740,,,,,
V151741,,,,,
V151742,,,,,
V151743,,,,,
V151744,,,,,
V151745,,,,,
V151746,,,,,
V151747,,,,,
V151748,,,,,
V151749,,,,,
V151750,,,,,
V151751,,,,,
V151752,,,,,
V151753,,,,,
V151754,,,,,
V151755,,,,,
V151756,,,,,
V151757,,,,,
V151758,,,,,
V151759,,,,,
V151760,,,,,
V151761,,,,,
V151762,,,,,
V151763,,,,,
V151764,,,,,
V151765,,,,,
V151766,,,,,
V151767,,,,,
V151768,,,,,
V151769,,,,,
V151770,,,,,
V151771,,,,,
V151772,,,,,
V151773,,,,,
V151774,,,,,
V151775,,,,,
V151776,,,,,
V151777,,,,,
V151778,,,,,
V151779,,,,,
V151780,,,,,
V151781,,,,,
V151782,,,,,
V151783,,,,,
V151784,,,,,
V151785,,,,,
V151786,,,,,
V151787,,,,,
V151788,,,,,
V151789,,,,,
V151790,,,,,
V151791,,,,,
V151792,,,,,
V151793,,,,,
V151794,,,,,
V151795,,,,,
V151796,,,,,
V151797,,,,,
V151798,,,,,
V151799,,,,,
V151800,,,,,
V151801,,,,,
V151802,,,,,
V151803,,,,,
V151804,,,,,
V151805,,,,,
V151806,,,,,
V151807,,,,,
V151808,,,,,
V151809,,,,,
V151810,,,,,
V151811,,,,,
V151812,,,,,
V151813,,,,,
V151814,,,,,
V151815,,,,,
V151816,,,,,
V151817,,,,,
V151818,,,,,
V151819,,,,,
V151820,,,,,
V151821,,,,,
V151822,,,,,
V151823,,,,,
V151824,,,,,
V151825,,,,,
V151826,,,,,
V151827,,,,,
V151828,,,,,
V151829,,,,,
V151830,,,,,
V151831,,,,,
V151832,,,,,
V151833,,,,,
V151834,,,,,
V151835,,,,,
V151836,,,,,
V151837,,,,,
V151838,,,,,
V151839,,,,,
V151840,,,,,
V151841,,,,,
V151842,,,,,
V151843,,,,,
V151844,,,,,
V151845,,,,,
V151846,,,,,
V151847,,,,,
V151848,,,,,
V151849,,,,,
V151850,,,,,
V151851,,,,,
V151852,,,,,
V151853,,,,,
V151854,,,,,
V151855,,,,,
V151856,,,,,
V151857,,,,,
V151858,,,,,
V151859,,,,,
V151860,,,,,
V151861,,,,,
V151862,,,,,
V151863,,,,,
V151864,,,,,
V151865,,,,,
V151866,,,,,
V151867,,,,,
V151868,,,,,
V151869,,,,,
V151870,,,,,
V151871,,,,,
V151872,,,,,
V151873,,,,,
V151874,,,,,
V151875,,,,,
V151876,,,,,
V151877,,,,,
V151878,,,,,
V151879,,,,,
V151880,,,,,
V151881,,,,,
V151882,,,,,
V151883,,,,,
V151884,,,,,
V151885,,,,,
V151886,,,,,
V151887,,,,,
V151888,,,,,
V151889,,,,,
V151890,,,,,
V151891,,,,,
V151892,,,,,
V151893,,,,,
V151894,,,,,
V151895,,,,,
V151896,,,,,
V151897,,,,,
V151898,,,,,
V151899,,,,,
V151900,,,,,
V151901,,,,,
V151902,,,,,
V151903,,,,,
V151904,,,,,
V151905,,,,,
V151906,,,,,
V151907,,,,,
V151908,,,,,
V151909,,,,,
V151910,,,,,
V151911,,,,,
V151912,,,,,
V151913,,,,,
V151914,,,,,
V151915,,,,,
V151916,,,,,
V151917,,,,,
V151918,,,,,
V151919,,,,,
V151920,,,,,
V151921,,,,,
V151922,,,,,
V151923,,,,,
V151924,,,,,
V151925,,,,,
V151926,,,,,
V151927,,,,,
V151928,,,,,
V151929,,,,,
V151930,,,,,
V151931,,,,,
V151932,,,,,
V151933,,,,,
V151934,,,,,
V151935,,,,,
V151936,,,,,
V151937,,,,,
V151938,,,,,
V151939,,,,,
V151940,,,,,
V151941,,,,,
V151942,,,,,
V151943,,,,,
V151944,,,,,
V151945,,,,,
V151946,,,,,
V151947,,,,,
V151948,,,,,
V151949,,,,,
V151950,,,,,
V151951,,,,,
V151952,,,,,
V151953,,,,,
V151954,,,,,
V151955,,,,,
V151956,,,,,
V151957,,,,,
V151958,,,,,
V151959,,,,,
V151960,,,,,
V151961,,,,,
V151962,,,,,
V151963,,,,,
V151964,,,,,
V151965,,,,,
V151966,,,,,
V151967,,,,,
V151968,,,,,
V151969,,,,,
V151970,,,,,
V151971,,,,,
V151972,,,,,
V151973,,,,,
V151974,,,,,
V151975,,,,,
V151976,,,,,
V151977,,,,,
V151978,,,,,
V151979,,,,,
V151980,,,,,
V151981,,,,,
V151982,,,,,
V151983,,,,,
V151984,,,,,
V151985,,,,,
V151986,,,,,
V151987,,,,,
V151988,,,,,
V151989,,,,,
V151990,,,,,
V151991,,,,,
V151992,,,,,
V151993,,,,,
V151994,,,,,
V151995,,,,,
V151996,,,,,
V151997,,,,,
V151998,,,,,
V151999,,,,,
V152000,,,,,
V152001,,,,,
V152002,,,,,
V152003,,,,,
V152004,,,,,
V152005,,,,,
V152006,,,,,
V152007,,,,,
V152008,,,,,
V152009,,,,,
V152010,,,,,
V152011,,,,,
V152012,,,,,
V152013,,,,,
V152014,,,,,
V152015,,,,,
V152016,,,,,
V152017,,,,,
V152018,,,,,
V152019,,,,,
V152020,,,,,
V152021,,,,,
V152022,,,,,
V152023,,,,,
V152024,,,,,
V152025,,,,,
V152026,,,,,
V152027,,,,,
V152028,,,,,
V152029,,,,,
V152030,,,,,
V152031,,,,,
V152032,,,,,
V152033,,,,,
V152034,,,,,
V152035,,,,,
V152036,,,,,
V152037,,,,,
V152038,,,,,
V152039,,,,,
V152040,,,,,
V152041,,,,,
V152042,,,,,
V152043,,,,,
V152044,,,,,
V152045,,,,,
V152046,,,,,
V152047,,,,,
V152048,,,,,
V152049,,,,,
V152050,,,,,
V152051,,,,,
V152052,,,,,
V152053,,,,,
V152054,,,,,
V152055,,,,,
V152056,,,,,
V152057,,,,,
V152058,,,,,
V152059,,,,,
V152060,,,,,
V152061,,,,,
V152062,,,,,
V152063,,,,,
V152064,,,,,
V152065,,,,,
V152066,,,,,
V152067,,,,,
V152068,,,,,
V152069,,,,,
V152070,,,,,
V152071,,,,,
V152072,,,,,
V152073,,,,,
V152074,,,,,
V152075,,,,,
V152076,,,,,
V152077,,,,,
V152078,,,,,
V152079,,,,,
V152080,,,,,
V152081,,,,,
V152082,,,,,
V152083,,,,,
V152084,,,,,
V152085,,,,,
V152086,,,,,
V152087,,,,,
V152088,,,,,
V152089,,,,,
V152090,,,,,
V152091,,,,,
V152092,,,,,
V152093,,,,,
V152094,,,,,
V152095,,,,,
V152096,,,,,
V152097,,,,,
V152098,,,,,
V152099,,,,,
V152100,,,,,
V152101,,,,,
V152102,,,,,
V152103,,,,,
V152104,,,,,
V152105,,,,,
V152106,,,,,
V152107,,,,,
V152108,,,,,
V152109,,,,,
V152110,,,,,
V152111,,,,,
V152112,,,,,
V152113,,,,,
V152114,,,,,
V152115,,,,,
V152116,,,,,
V152117,,,,,
V152118,,,,,
V152119,,,,,
V152120,,,,,
V152121,,,,,
V152122,,,,,
V152123,,,,,
V152124,,,,,
V152125,,,,,
V152126,,,,,
V152127,,,,,
V152128,,,,,
V152129,,,,,
V152130,,,,,
V152131,,,,,
V152132,,,,,
V152133,,,,,
V152134,,,,,
V152135,,,,,
V152136,,,,,
V152137,,,,,
V152138,,,,,
V152139,,,,,
V152140,,,,,
V152141,,,,,
V152142,,,,,
V152143,,,,,
V152144,,,,,
V152145,,,,,
V152146,,,,,
V152147,,,,,
V152148,,,,,
V152149,,,,,
V152150,,,,,
V152151,,,,,
V152152,,,,,
V152153,,,,,
V152154,,,,,
V152155,,,,,
V152156,,,,,
V152157,,,,,
V152158,,,,,
V152159,,,,,
V152160,,,,,
V152161,,,,,
V152162,,,,,
V152163,,,,,
V152164,,,,,
V152165,,,,,
V152166,,,,,
V152167,,,,,
V152168,,,,,
V152169,,,,,
V152170,,,,,
V152171,,,,,
V152172,,,,,
V152173,,,,,
V152174,,,,,
V152175,,,,,
V152176,,,,,
V152177,,,,,
V152178,,,,,
V152179,,,,,
V152180,,,,,
V152181,,,,,
V152182,,,,,
V152183,,,,,
V152184,,,,,
V152185,,,,,
V152186,,,,,
V152187,,,,,
V152188,,,,,
V152189,,,,,
V152190,,,,,
V152191,,,,,
V152192,,,,,
V152193,,,,,
V152194,,,,,
V152195,,,,,
V152196,,,,,
V152197,,,,,
V152198,,,,,
V152199,,,,,
V152200,,,,,
V152201,,,,,
V152202,,,,,
V152203,,,,,
V152204,,,,,
V152205,,,,,
V152206,,,,,
V152207,,,,,
V152208,,,,,
V152209,,,,,
V152210,,,,,
V152211,,,,,
V152212,,,,,
V152213,,,,,
V152214,,,,,
V152215,,,,,
V152216,,,,,
V152217,,,,,
V152218,,,,,
V152219,,,,,
V152220,,,,,
V152221,,,,,
V152222,,,,,
V152223,,,,,
V152224,,,,,
V152225,,,,,
V152226,,,,,
V152227,,,,,
V152228,,,,,
V152229,,,,,
V152230,,,,,
V152231,,,,,
V152232,,,,,
V152233,,,,,
V152234,,,,,
V152235,,,,,
V152236,,,,,
V152237,,,,,
V152238,,,,,
V152239,,,,,
V152240,,,,,
V152241,,,,,
V152242,,,,,
V152243,,,,,
V152244,,,,,
V152245,,,,,
V152246,,,,,
V152247,,,,,
V152248,,,,,
V152249,,,,,
V152250,,,,,
V152251,,,,,
V152252,,,,,
V152253,,,,,
V152254,,,,,
V152255,,,,,
V152256,,,,,
V152257,,,,,
V152258,,,,,
V152259,,,,,
V152260,,,,,
V152261,,,,,
V152262,,,,,
V152263,,,,,
V152264,,,,,
V152265,,,,,
V152266,,,,,
V152267,,,,,
V152268,,,,,
V152269,,,,,
V152270,,,,,
V152271,,,,,
V152272,,,,,
V152273,,,,,
V152274,,,,,
V152275,,,,,
V152276,,,,,
V152277,,,,,
V152278,,,,,
V152279,,,,,
V152280,,,,,
V152281,,,,,
V152282,,,,,
V152283,,,,,
V152284,,,,,
V152285,,,,,
V152286,,,,,
V152287,,,,,
V152288,,,,,
V152289,,,,,
V152290,,,,,
V152291,,,,,
V152292,,,,,
V152293,,,,,
V152294,,,,,
V152295,,,,,
V152296,,,,,
V152297,,,,,
V152298,,,,,
V152299,,,,,
V152300,,,,,
V152301,,,,,
V152302,,,,,
V152303,,,,,
V152304,,,,,
V152305,,,,,
V152306,,,,,
V152307,,,,,
V152308,,,,,
V152309,,,,,
V152310,,,,,
V152311,,,,,
V152312,,,,,
V152313,,,,,
V152314,,,,,
V152315,,,,,
V152316,,,,,
V152317,,,,,
V152318,,,,,
V152319,,,,,
V152320,,,,,
V152321,,,,,
V152322,,,,,
V152323,,,,,
V152324,,,,,
V152325,,,,,
V152326,,,,,
V152327,,,,,
V152328,,,,,
V152329,,,,,
V152330,,,,,
V152331,,,,,
V152332,,,,,
V152333,,,,,
V152334,,,,,
V152335,,,,,
V152336,,,,,
V152337,,,,,
V152338,,,,,
V152339,,,,,
V152340,,,,,
V152341,,,,,
V152342,,,,,
V152343,,,,,
V152344,,,,,
V152345,,,,,
V152346,,,,,
V152347,,,,,
V152348,,,,,
V152349,,,,,
V152350,,,,,
V152351,,,,,
V152352,,,,,
V152353,,,,,
V152354,,,,,
V152355,,,,,
V152356,,,,,
V152357,,,,,
V152358,,,,,
V152359,,,,,
V152360,,,,,
V152361,,,,,
V152362,,,,,
V152363,,,,,
V152364,,,,,
V152365,,,,,
V152366,,,,,
V152367,,,,,
V152368,,,,,
V152369,,,,,
V152370,,,,,
V152371,,,,,
V152372,,,,,
V152373,,,,,
V152374,,,,,
V152375,,,,,
V152376,,,,,
V152377,,,,,
V152378,,,,,
V152379,,,,,
V152380,,,,,
V152381,,,,,
V152382,,,,,
V152383,,,,,
V152384,,,,,
V152385,,,,,
V152386,,,,,
V152387,,,,,
V152388,,,,,
V152389,,,,,
V152390,,,,,
V152391,,,,,
V152392,,,,,
V152393,,,,,
V152394,,,,,
V152395,,,,,
V152396,,,,,
V152397,,,,,
V152398,,,,,
V152399,,,,,
V152400,,,,,
V152401,,,,,
V152402,,,,,
V152403,,,,,
V152404,,,,,
V152405,,,,,
V152406,,,,,
V152407,,,,,
V152408,,,,,
V152409,,,,,
V152410,,,,,
V152411,,,,,
V152412,,,,,
V152413,,,,,
V152414,,,,,
V152415,,,,,
V152416,,,,,
V152417,,,,,
V152418,,,,,
V152419,,,,,
V152420,,,,,
V152421,,,,,
V152422,,,,,
V152423,,,,,
V152424,,,,,
V152425,,,,,
V152426,,,,,
V152427,,,,,
V152428,,,,,
V152429,,,,,
V152430,,,,,
V152431,,,,,
V152432,,,,,
V152433,,,,,
V152434,,,,,
V152435,,,,,
V152436,,,,,
V152437,,,,,
V152438,,,,,
V152439,,,,,
V152440,,,,,
V152441,,,,,
V152442,,,,,
V152443,,,,,
V152444,,,,,
V152445,,,,,
V152446,,,,,
V152447,,,,,
V152448,,,,,
V152449,,,,,
V152450,,,,,
V152451,,,,,
V152452,,,,,
V152453,,,,,
V152454,,,,,
V152455,,,,,
V152456,,,,,
V152457,,,,,
V152458,,,,,
V152459,,,,,
V152460,,,,,
V152461,,,,,
V152462,,,,,
V152463,,,,,
V152464,,,,,
V152465,,,,,
V152466,,,,,
V152467,,,,,
V152468,,,,,
V152469,,,,,
V152470,,,,,
V152471,,,,,
V152472,,,,,
V152473,,,,,
V152474,,,,,
V152475,,,,,
V152476,,,,,
V152477,,,,,
V152478,,,,,
V152479,,,,,
V152480,,,,,
V152481,,,,,
V152482,,,,,
V152483,,,,,
V152484,,,,,
V152485,,,,,
V152486,,,,,
V152487,,,,,
V152488,,,,,
V152489,,,,,
V152490,,,,,
V152491,,,,,
V152492,,,,,
V152493,,,,,
V152494,,,,,
V152495,,,,,
V152496,,,,,
V152497,,,,,
V152498,,,,,
V152499,,,,,
V152500,,,,,
V152501,,,,,
V152502,,,,,
V152503,,,,,
V152504,,,,,
V152505,,,,,
V152506,,,,,
V152507,,,,,
V152508,,,,,
V152509,,,,,
V152510,,,,,
V152511,,,,,
V152512,,,,,
V152513,,,,,
V152514,,,,,
V152515,,,,,
V152516,,,,,
V152517,,,,,
V152518,,,,,
V152519,,,,,
V152520,,,,,
V152521,,,,,
V152522,,,,,
V152523,,,,,
V152524,,,,,
V152525,,,,,
V152526,,,,,
V152527,,,,,
V152528,,,,,
V152529,,,,,
V152530,,,,,
V152531,,,,,
V152532,,,,,
V152533,,,,,
V152534,,,,,
V152535,,,,,
V152536,,,,,
V152537,,,,,
V152538,,,,,
V152539,,,,,
V152540,,,,,
V152541,,,,,
V152542,,,,,
V152543,,,,,
V152544,,,,,
V152545,,,,,
V152546,,,,,
V152547,,,,,
V152548,,,,,
V152549,,,,,
V152550,,,,,
V152551,,,,,
V152552,,,,,
V152553,,,,,
V152554,,,,,
V152555,,,,,
V152556,,,,,
V152557,,,,,
V152558,,,,,
V152559,,,,,
V152560,,,,,
V152561,,,,,
V152562,,,,,
V152563,,,,,
V152564,,,,,
V152565,,,,,
V152566,,,,,
V152567,,,,,
V152568,,,,,
V152569,,,,,
V152570,,,,,
V152571,,,,,
V152572,,,,,
V152573,,,,,
V152574,,,,,
V152575,,,,,
V152576,,,,,
V152577,,,,,
V152578,,,,,
V152579,,,,,
V152580,,,,,
V152581,,,,,
V152582,,,,,
V152583,,,,,
V152584,,,,,
V152585,,,,,
V152586,,,,,
V152587,,,,,
V152588,,,,,
V152589,,,,,
V152590,,,,,
V152591,,,,,
V152592,,,,,
V152593,,,,,
V152594,,,,,
V152595,,,,,
V152596,,,,,
V152597,,,,,
V152598,,,,,
V152599,,,,,
V152600,,,,,
V152601,,,,,
V152602,,,,,
V152603,,,,,
V152604,,,,,
V152605,,,,,
V152606,,,,,
V152607,,,,,
V152608,,,,,
V152609,,,,,
V152610,,,,,
V152611,,,,,
V152612,,,,,
V152613,,,,,
V152614,,,,,
V152615,,,,,
V152616,,,,,
V152617,,,,,
V152618,,,,,
V152619,,,,,
V152620,,,,,
V152621,,,,,
V152622,,,,,
V152623,,,,,
V152624,,,,,
V152625,,,,,
V152626,,,,,
V152627,,,,,
V152628,,,,,
V152629,,,,,
V152630,,,,,
V152631,,,,,
V152632,,,,,
V152633,,,,,
V152634,,,,,
V152635,,,,,
V152636,,,,,
V152637,,,,,
V152638,,,,,
V152639,,,,,
V152640,,,,,
V152641,,,,,
V152642,,,,,
V152643,,,,,
V152644,,,,,
V152645,,,,,
V152646,,,,,
V152647,,,,,
V152648,,,,,
V152649,,,,,
V152650,,,,,
V152651,,,,,
V152652,,,,,
V152653,,,,,
V152654,,,,,
V152655,,,,,
V152656,,,,,
V152657,,,,,
V152658,,,,,
V152659,,,,,
V152660,,,,,
V152661,,,,,
V152662,,,,,
V152663,,,,,
V152664,,,,,
V152665,,,,,
V152666,,,,,
V152667,,,,,
V152668,,,,,
V152669,,,,,
V152670,,,,,
V152671,,,,,
V152672,,,,,
V152673,,,,,
V152674,,,,,
V152675,,,,,
V152676,,,,,
V152677,,,,,
V152678,,,,,
V152679,,,,,
V152680,,,,,
V152681,,,,,
V152682,,,,,
V152683,,,,,
V152684,,,,,
V152685,,,,,
V152686,,,,,
V152687,,,,,
V152688,,,,,
V152689,,,,,
V152690,,,,,
V152691,,,,,
V152692,,,,,
V152693,,,,,
V152694,,,,,
V152695,,,,,
V152696,,,,,
V152697,,,,,
V152698,,,,,
V152699,,,,,
V152700,,,,,
V152701,,,,,
V152702,,,,,
V152703,,,,,
V152704,,,,,
V152705,,,,,
V152706,,,,,
V152707,,,,,
V152708,,,,,
V152709,,,,,
V152710,,,,,
V152711,,,,,
V152712,,,,,
V152713,,,,,
V152714,,,,,
V152715,,,,,
V152716,,,,,
V152717,,,,,
V152718,,,,,
V152719,,,,,
V152720,,,,,
V152721,,,,,
V152722,,,,,
V152723,,,,,
V152724,,,,,
V152725,,,,,
V152726,,,,,
V152727,,,,,
V152728,,,,,
V152729,,,,,
V152730,,,,,
V152731,,,,,
V152732,,,,,
V152733,,,,,
V152734,,,,,
V152735,,,,,
V152736,,,,,
V152737,,,,,
V152738,,,,,
V152739,,,,,
V152740,,,,,
V152741,,,,,
V152742,,,,,
V152743,,,,,
V152744,,,,,
V152745,,,,,
V152746,,,,,
V152747,,,,,
V152748,,,,,
V152749,,,,,
V152750,,,,,
V152751,,,,,
V152752,,,,,
V152753,,,,,
V152754,,,,,
V152755,,,,,
V152756,,,,,
V152757,,,,,
V152758,,,,,
V152759,,,,,
V152760,,,,,
V152761,,,,,
V152762,,,,,
V152763,,,,,
V152764,,,,,
V152765,,,,,
V152766,,,,,
V152767,,,,,
V152768,,,,,
V152769,,,,,
V152770,,,,,
V152771,,,,,
V152772,,,,,
V152773,,,,,
V152774,,,,,
V152775,,,,,
V152776,,,,,
V152777,,,,,
V152778,,,,,
V152779,,,,,
V152780,,,,,
V152781,,,,,
V152782,,,,,
V152783,,,,,
V152784,,,,,
V152785,,,,,
V152786,,,,,
V152787,,,,,
V152788,,,,,
V152789,,,,,
V152790,,,,,
V152791,,,,,
V152792,,,,,
V152793,,,,,
V152794,,,,,
V152795,,,,,
V152796,,,,,
V152797,,,,,
V152798,,,,,
V152799,,,,,
V152800,,,,,
V152801,,,,,
V152802,,,,,
V152803,,,,,
V152804,,,,,
V152805,,,,,
V152806,,,,,
V152807,,,,,
V152808,,,,,
V152809,,,,,
V152810,,,,,
V152811,,,,,
V152812,,,,,
V152813,,,,,
V152814,,,,,
V152815,,,,,
V152816,,,,,
V152817,,,,,
V152818,,,,,
V152819,,,,,
V152820,,,,,
V152821,,,,,
V152822,,,,,
V152823,,,,,
V152824,,,,,
V152825,,,,,
V152826,,,,,
V152827,,,,,
V152828,,,,,
V152829,,,,,
V152830,,,,,
V152831,,,,,
V152832,,,,,
V152833,,,,,
V152834,,,,,
V152835,,,,,
V152836,,,,,
V152837,,,,,
V152838,,,,,
V152839,,,,,
V152840,,,,,
V152841,,,,,
V152842,,,,,
V152843,,,,,
V152844,,,,,
V152845,,,,,
V152846,,,,,
V152847,,,,,
V152848,,,,,
V152849,,,,,
V152850,,,,,
V152851,,,,,
V152852,,,,,
V152853,,,,,
V152854,,,,,
V152855,,,,,
V152856,,,,,
V152857,,,,,
V152858,,,,,
V152859,,,,,
V152860,,,,,
V152861,,,,,
V152862,,,,,
V152863,,,,,
V152864,,,,,
V152865,,,,,
V152866,,,,,
V152867,,,,,
V152868,,,,,
V152869,,,,,
V152870,,,,,
V152871,,,,,
V152872,,,,,
V152873,,,,,
V152874,,,,,
V152875,,,,,
V152876,,,,,
V152877,,,,,
V152878,,,,,
V152879,,,,,
V152880,,,,,
V152881,,,,,
V152882,,,,,
V152883,,,,,
V152884,,,,,
V152885,,,,,
V152886,,,,,
V152887,,,,,
V152888,,,,,
V152889,,,,,
V152890,,,,,
V152891,,,,,
V152892,,,,,
V152893,,,,,
V152894,,,,,
V152895,,,,,
V152896,,,,,
V152897,,,,,
V152898,,,,,
V152899,,,,,
V152900,,,,,
V152901,,,,,
V152902,,,,,
V152903,,,,,
V152904,,,,,
V152905,,,,,
V152906,,,,,
V152907,,,,,
V152908,,,,,
V152909,,,,,
V152910,,,,,
V152911,,,,,
V152912,,,,,
V152913,,,,,
V152914,,,,,
V152915,,,,,
V152916,,,,,
V152917,,,,,
V152918,,,,,
V152919,,,,,
V152920,,,,,
V152921,,,,,
V152922,,,,,
V152923,,,,,
V152924,,,,,
V152925,,,,,
V152926,,,,,
V152927,,,,,
V152928,,,,,
V152929,,,,,
V152930,,,,,
V152931,,,,,
V152932,,,,,
V152933,,,,,
V152934,,,,,
V152935,,,,,
V152936,,,,,
V152937,,,,,
V152938,,,,,
V152939,,,,,
V152940,,,,,
V152941,,,,,
V152942,,,,,
V152943,,,,,
V152944,,,,,
V152945,,,,,
V152946,,,,,
V152947,,,,,
V152948,,,,,
V152949,,,,,
V152950,,,,,
V152951,,,,,
V152952,,,,,
V152953,,,,,
V152954,,,,,
V152955,,,,,
V152956,,,,,
V152957,,,,,
V152958,,,,,
V152959,,,,,
V152960,,,,,
V152961,,,,,
V152962,,,,,
V152963,,,,,
V152964,,,,,
V152965,,,,,
V152966,,,,,
V152967,,,,,
V152968,,,,,
V152969,,,,,
V152970,,,,,
V152971,,,,,
V152972,,,,,
V152973,,,,,
V152974,,,,,
V152975,,,,,
V152976,,,,,
V152977,,,,,
V152978,,,,,
V152979,,,,,
V152980,,,,,
V152981,,,,,
V152982,,,,,
V152983,,,,,
V152984,,,,,
V152985,,,,,
V152986,,,,,
V152987,,,,,
V152988,,,,,
V152989,,,,,
V152990,,,,,
V152991,,,,,
V152992,,,,,
V152993,,,,,
V152994,,,,,
V152995,,,,,
V152996,,,,,
V152997,,,,,
V152998,,,,,
V152999,,,,,
V153000,,,,,
V153001,,,,,
V153002,,,,,
V153003,,,,,
V153004,,,,,
V153005,,,,,
V153006,,,,,
V153007,,,,,
V153008,,,,,
V153009,,,,,
V153010,,,,,
V153011,,,,,
V153012,,,,,
V153013,,,,,
V153014,,,,,
V153015,,,,,
V153016,,,,,
V153017,,,,,
V153018,,,,,
V153019,,,,,
V153020,,,,,
V153021,,,,,
V153022,,,,,
V153023,,,,,
V153024,,,,,
V153025,,,,,
V153026,,,,,
V153027,,,,,
V153028,,,,,
V153029,,,,,
V153030,,,,,
V153031,,,,,
V153032,,,,,
V153033,,,,,
V153034,,,,,
V153035,,,,,
V153036,,,,,
V153037,,,,,
V153038,,,,,
V153039,,,,,
V153040,,,,,
V153041,,,,,
V153042,,,,,
V153043,,,,,
V153044,,,,,
V153045,,,,,
V153046,,,,,
V153047,,,,,
V153048,,,,,
V153049,,,,,
V153050,,,,,
V153051,,,,,
V153052,,,,,
V153053,,,,,
V153054,,,,,
V153055,,,,,
V153056,,,,,
V153057,,,,,
V153058,,,,,
V153059,,,,,
V153060,,,,,
V153061,,,,,
V153062,,,,,
V153063,,,,,
V153064,,,,,
V153065,,,,,
V153066,,,,,
V153067,,,,,
V153068,,,,,
V153069,,,,,
V153070,,,,,
V153071,,,,,
V153072,,,,,
V153073,,,,,
V153074,,,,,
V153075,,,,,
V153076,,,,,
V153077,,,,,
V153078,,,,,
V153079,,,,,
V153080,,,,,
V153081,,,,,
V153082,,,,,
V153083,,,,,
V153084,,,,,
V153085,,,,,
V153086,,,,,
V153087,,,,,
V153088,,,,,
V153089,,,,,
V153090,,,,,
V153091,,,,,
V153092,,,,,
V153093,,,,,
V153094,,,,,
V153095,,,,,
V153096,,,,,
V153097,,,,,
V153098,,,,,
V153099,,,,,
V153100,,,,,
V153101,,,,,
V153102,,,,,
V153103,,,,,
V153104,,,,,
V153105,,,,,
V153106,,,,,
V153107,,,,,
V153108,,,,,
V153109,,,,,
V153110,,,,,
V153111,,,,,
V153112,,,,,
V153113,,,,,
V153114,,,,,
V153115,,,,,
V153116,,,,,
V153117,,,,,
V153118,,,,,
V153119,,,,,
V153120,,,,,
V153121,,,,,
V153122,,,,,
V153123,,,,,
V153124,,,,,
V153125,,,,,
V153126,,,,,
V153127,,,,,
V153128,,,,,
V153129,,,,,
V153130,,,,,
V153131,,,,,
V153132,,,,,
V153133,,,,,
V153134,,,,,
V153135,,,,,
V153136,,,,,
V153137,,,,,
V153138,,,,,
V153139,,,,,
V153140,,,,,
V153141,,,,,
V153142,,,,,
V153143,,,,,
V153144,,,,,
V153145,,,,,
V153146,,,,,
V153147,,,,,
V153148,,,,,
V153149,,,,,
V153150,,,,,
V153151,,,,,
V153152,,,,,
V153153,,,,,
V153154,,,,,
V153155,,,,,
V153156,,,,,
V153157,,,,,
V153158,,,,,
V153159,,,,,
V153160,,,,,
V153161,,,,,
V153162,,,,,
V153163,,,,,
V153164,,,,,
V153165,,,,,
V153166,,,,,
V153167,,,,,
V153168,,,,,
V153169,,,,,
V153170,,,,,
V153171,,,,,
V153172,,,,,
V153173,,,,,
V153174,,,,,
V153175,,,,,
V153176,,,,,
V153177,,,,,
V153178,,,,,
V153179,,,,,
V153180,,,,,
V153181,,,,,
V153182,,,,,
V153183,,,,,
V153184,,,,,
V153185,,,,,
V153186,,,,,
V153187,,,,,
V153188,,,,,
V153189,,,,,
V153190,,,,,
V153191,,,,,
V153192,,,,,
V153193,,,,,
V153194,,,,,
V153195,,,,,
V153196,,,,,
V153197,,,,,
V153198,,,,,
V153199,,,,,
V153200,,,,,
V153201,,,,,
V153202,,,,,
V153203,,,,,
V153204,,,,,
V153205,,,,,
V153206,,,,,
V153207,,,,,
V153208,,,,,
V153209,,,,,
V153210,,,,,
V153211,,,,,
V153212,,,,,
V153213,,,,,
V153214,,,,,
V153215,,,,,
V153216,,,,,
V153217,,,,,
V153218,,,,,
V153219,,,,,
V153220,,,,,
V153221,,,,,
V153222,,,,,
V153223,,,,,
V153224,,,,,
V153225,,,,,
V153226,,,,,
V153227,,,,,
V153228,,,,,
V153229,,,,,
V153230,,,,,
V153231,,,,,
V153232,,,,,
V153233,,,,,
V153234,,,,,
V153235,,,,,
V153236,,,,,
V153237,,,,,
V153238,,,,,
V153239,,,,,
V153240,,,,,
V153241,,,,,
V153242,,,,,
V153243,,,,,
V153244,,,,,
V153245,,,,,
V153246,,,,,
V153247,,,,,
V153248,,,,,
V153249,,,,,
V153250,,,,,
V153251,,,,,
V153252,,,,,
V153253,,,,,
V153254,,,,,
V153255,,,,,
V153256,,,,,
V153257,,,,,
V153258,,,,,
V153259,,,,,
V153260,,,,,
V153261,,,,,
V153262,,,,,
V153263,,,,,
V153264,,,,,
V153265,,,,,
V153266,,,,,
V153267,,,,,
V153268,,,,,
V153269,,,,,
V153270,,,,,
V153271,,,,,
V153272,,,,,
V153273,,,,,
V153274,,,,,
V153275,,,,,
V153276,,,,,
V153277,,,,,
V153278,,,,,
V153279,,,,,
V153280,,,,,
V153281,,,,,
V153282,,,,,
V153283,,,,,
V153284,,,,,
V153285,,,,,
V153286,,,,,
V153287,,,,,
V153288,,,,,
V153289,,,,,
V153290,,,,,
V153291,,,,,
V153292,,,,,
V153293,,,,,
V153294,,,,,
V153295,,,,,
V153296,,,,,
V153297,,,,,
V153298,,,,,
V153299,,,,,
V153300,,,,,
V153301,,,,,
V153302,,,,,
V153303,,,,,
V153304,,,,,
V153305,,,,,
V153306,,,,,
V153307,,,,,
V153308,,,,,
V153309,,,,,
V153310,,,,,
V153311,,,,,
V153312,,,,,
V153313,,,,,
V153314,,,,,
V153315,,,,,
V153316,,,,,
V153317,,,,,
V153318,,,,,
V153319,,,,,
V153320,,,,,
V153321,,,,,
V153322,,,,,
V153323,,,,,
V153324,,,,,
V153325,,,,,
V153326,,,,,
V153327,,,,,
V153328,,,,,
V153329,,,,,
V153330,,,,,
V153331,,,,,
V153332,,,,,
V153333,,,,,
V153334,,,,,
V153335,,,,,
V153336,,,,,
V153337,,,,,
V153338,,,,,
V153339,,,,,
V153340,,,,,
V153341,,,,,
V153342,,,,,
V153343,,,,,
V153344,,,,,
V153345,,,,,
V153346,,,,,
V153347,,,,,
V153348,,,,,
V153349,,,,,
V153350,,,,,
V153351,,,,,
V153352,,,,,
V153353,,,,,
V153354,,,,,
V153355,,,,,
V153356,,,,,
V153357,,,,,
V153358,,,,,
V153359,,,,,
V153360,,,,,
V153361,,,,,
V153362,,,,,
V153363,,,,,
V153364,,,,,
V153365,,,,,
V153366,,,,,
V153367,,,,,
V153368,,,,,
V153369,,,,,
V153370,,,,,
V153371,,,,,
V153372,,,,,
V153373,,,,,
V153374,,,,,
V153375,,,,,
V153376,,,,,
V153377,,,,,
V153378,,,,,
V153379,,,,,
V153380,,,,,
V153381,,,,,
V153382,,,,,
V153383,,,,,
V153384,,,,,
V153385,,,,,
V153386,,,,,
V153387,,,,,
V153388,,,,,
V153389,,,,,
V153390,,,,,
V153391,,,,,
V153392,,,,,
V153393,,,,,
V153394,,,,,
V153395,,,,,
V153396,,,,,
V153397,,,,,
V153398,,,,,
V153399,,,,,
V153400,,,,,
V153401,,,,,
V153402,,,,,
V153403,,,,,
V153404,,,,,
V153405,,,,,
V153406,,,,,
V153407,,,,,
V153408,,,,,
V153409,,,,,
V153410,,,,,
V153411,,,,,
V153412,,,,,
V153413,,,,,
V153414,,,,,
V153415,,,,,
V153416,,,,,
V153417,,,,,
V153418,,,,,
V153419,,,,,
V153420,,,,,
V153421,,,,,
V153422,,,,,
V153423,,,,,
V153424,,,,,
V153425,,,,,
V153426,,,,,
V153427,,,,,
V153428,,,,,
V153429,,,,,
V153430,,,,,
V153431,,,,,
V153432,,,,,
V153433,,,,,
V153434,,,,,
V153435,,,,,
V153436,,,,,
V153437,,,,,
V153438,,,,,
V153439,,,,,
V153440,,,,,
V153441,,,,,
V153442,,,,,
V153443,,,,,
V153444,,,,,
V153445,,,,,
V153446,,,,,
V153447,,,,,
V153448,,,,,
V153449,,,,,
V153450,,,,,
V153451,,,,,
V153452,,,,,
V153453,,,,,
V153454,,,,,
V153455,,,,,
V153456,,,,,
V153457,,,,,
V153458,,,,,
V153459,,,,,
V153460,,,,,
V153461,,,,,
V153462,,,,,
V153463,,,,,
V153464,,,,,
V153465,,,,,
V153466,,,,,
V153467,,,,,
V153468,,,,,
V153469,,,,,
V153470,,,,,
V153471,,,,,
V153472,,,,,
V153473,,,,,
V153474,,,,,
V153475,,,,,
V153476,,,,,
V153477,,,,,
V153478,,,,,
V153479,,,,,
V153480,,,,,
V153481,,,,,
V153482,,,,,
V153483,,,,,
V153484,,,,,
V153485,,,,,
V153486,,,,,
V153487,,,,,
V153488,,,,,
V153489,,,,,
V153490,,,,,
V153491,,,,,
V153492,,,,,
V153493,,,,,
V153494,,,,,
V153495,,,,,
V153496,,,,,
V153497,,,,,
V153498,,,,,
V153499,,,,,
V153500,,,,,
V153501,,,,,
V153502,,,,,
V153503,,,,,
V153504,,,,,
V153505,,,,,
V153506,,,,,
V153507,,,,,
V153508,,,,,
V153509,,,,,
V153510,,,,,
V153511,,,,,
V153512,,,,,
V153513,,,,,
V153514,,,,,
V153515,,,,,
V153516,,,,,
V153517,,,,,
V153518,,,,,
V153519,,,,,
V153520,,,,,
V153521,,,,,
V153522,,,,,
V153523,,,,,
V153524,,,,,
V153525,,,,,
V153526,,,,,
V153527,,,,,
V153528,,,,,
V153529,,,,,
V153530,,,,,
V153531,,,,,
V153532,,,,,
V153533,,,,,
V153534,,,,,
V153535,,,,,
V153536,,,,,
V153537,,,,,
V153538,,,,,
V153539,,,,,
V153540,,,,,
V153541,,,,,
V153542,,,,,
V153543,,,,,
V153544,,,,,
V153545,,,,,
V153546,,,,,
V153547,,,,,
V153548,,,,,
V153549,,,,,
V153550,,,,,
V153551,,,,,
V153552,,,,,
V153553,,,,,
V153554,,,,,
V153555,,,,,
V153556,,,,,
V153557,,,,,
V153558,,,,,
V153559,,,,,
V153560,,,,,
V153561,,,,,
V153562,,,,,
V153563,,,,,
V153564,,,,,
V153565,,,,,
V153566,,,,,
V153567,,,,,
V153568,,,,,
V153569,,,,,
V153570,,,,,
V153571,,,,,
V153572,,,,,
V153573,,,,,
V153574,,,,,
V153575,,,,,
V153576,,,,,
V153577,,,,,
V153578,,,,,
V153579,,,,,
V153580,,,,,
V153581,,,,,
V153582,,,,,
V153583,,,,,
V153584,,,,,
V153585,,,,,
V153586,,,,,
V153587,,,,,
V153588,,,,,
V153589,,,,,
V153590,,,,,
V153591,,,,,
V153592,,,,,
V153593,,,,,
V153594,,,,,
V153595,,,,,
V153596,,,,,
V153597,,,,,
V153598,,,,,
V153599,,,,,
V153600,,,,,
V153601,,,,,
V153602,,,,,
V153603,,,,,
V153604,,,,,
V153605,,,,,
V153606,,,,,
V153607,,,,,
V153608,,,,,
V153609,,,,,
V153610,,,,,
V153611,,,,,
V153612,,,,,
V153613,,,,,
V153614,,,,,
V153615,,,,,
V153616,,,,,
V153617,,,,,
V153618,,,,,
V153619,,,,,
V153620,,,,,
V153621,,,,,
V153622,,,,,
V153623,,,,,
V153624,,,,,
V153625,,,,,
V153626,,,,,
V153627,,,,,
V153628,,,,,
V153629,,,,,
V153630,,,,,
V153631,,,,,
V153632,,,,,
V153633,,,,,
V153634,,,,,
V153635,,,,,
V153636,,,,,
V153637,,,,,
V153638,,,,,
V153639,,,,,
V153640,,,,,
V153641,,,,,
V153642,,,,,
V153643,,,,,
V153644,,,,,
V153645,,,,,
V153646,,,,,
V153647,,,,,
V153648,,,,,
V153649,,,,,
V153650,,,,,
V153651,,,,,
V153652,,,,,
V153653,,,,,
V153654,,,,,
V153655,,,,,
V153656,,,,,
V153657,,,,,
V153658,,,,,
V153659,,,,,
V153660,,,,,
V153661,,,,,
V153662,,,,,
V153663,,,,,
V153664,,,,,
V153665,,,,,
V153666,,,,,
V153667,,,,,
V153668,,,,,
V153669,,,,,
V153670,,,,,
V153671,,,,,
V153672,,,,,
V153673,,,,,
V153674,,,,,
V153675,,,,,
V153676,,,,,
V153677,,,,,
V153678,,,,,
V153679,,,,,
V153680,,,,,
V153681,,,,,
V153682,,,,,
V153683,,,,,
V153684,,,,,
V153685,,,,,
V153686,,,,,
V153687,,,,,
V153688,,,,,
V153689,,,,,
V153690,,,,,
V153691,,,,,
V153692,,,,,
V153693,,,,,
V153694,,,,,
V153695,,,,,
V153696,,,,,
V153697,,,,,
V153698,,,,,
V153699,,,,,
V153700,,,,,
V153701,,,,,
V153702,,,,,
V153703,,,,,
V153704,,,,,
V153705,,,,,
V153706,,,,,
V153707,,,,,
V153708,,,,,
V153709,,,,,
V153710,,,,,
V153711,,,,,
V153712,,,,,
V153713,,,,,
V153714,,,,,
V153715,,,,,
V153716,,,,,
V153717,,,,,
V153718,,,,,
V153719,,,,,
V153720,,,,,
V153721,,,,,
V153722,,,,,
V153723,,,,,
V153724,,,,,
V153725,,,,,
V153726,,,,,
V153727,,,,,
V153728,,,,,
V153729,,,,,
V153730,,,,,
V153731,,,,,
V153732,,,,,
V153733,,,,,
V153734,,,,,
V153735,,,,,
V153736,,,,,
V153737,,,,,
V153738,,,,,
V153739,,,,,
V153740,,,,,
V153741,,,,,
V153742,,,,,
V153743,,,,,
V153744,,,,,
V153745,,,,,
V153746,,,,,
V153747,,,,,
V153748,,,,,
V153749,,,,,
V153750,,,,,
V153751,,,,,
V153752,,,,,
V153753,,,,,
V153754,,,,,
V153755,,,,,
V153756,,,,,
V153757,,,,,
V153758,,,,,
V153759,,,,,
V153760,,,,,
V153761,,,,,
V153762,,,,,
V153763,,,,,
V153764,,,,,
V153765,,,,,
V153766,,,,,
V153767,,,,,
V153768,,,,,
V153769,,,,,
V153770,,,,,
V153771,,,,,
V153772,,,,,
V153773,,,,,
V153774,,,,,
V153775,,,,,
V153776,,,,,
V153777,,,,,
V153778,,,,,
V153779,,,,,
V153780,,,,,
V153781,,,,,
V153782,,,,,
V153783,,,,,
V153784,,,,,
V153785,,,,,
V153786,,,,,
V153787,,,,,
V153788,,,,,
V153789,,,,,
V153790,,,,,
V153791,,,,,
V153792,,,,,
V153793,,,,,
V153794,,,,,
V153795,,,,,
V153796,,,,,
V153797,,,,,
V153798,,,,,
V153799,,,,,
V153800,,,,,
V153801,,,,,
V153802,,,,,
V153803,,,,,
V153804,,,,,
V153805,,,,,
V153806,,,,,
V153807,,,,,
V153808,,,,,
V153809,,,,,
V153810,,,,,
V153811,,,,,
V153812,,,,,
V153813,,,,,
V153814,,,,,
V153815,,,,,
V153816,,,,,
V153817,,,,,
V153818,,,,,
V153819,,,,,
V153820,,,,,
V153821,,,,,
V153822,,,,,
V153823,,,,,
V153824,,,,,
V153825,,,,,
V153826,,,,,
V153827,,,,,
V153828,,,,,
V153829,,,,,
V153830,,,,,
V153831,,,,,
V153832,,,,,
V153833,,,,,
V153834,,,,,
V153835,,,,,
V153836,,,,,
V153837,,,,,
V153838,,,,,
V153839,,,,,
V153840,,,,,
V153841,,,,,
V153842,,,,,
V153843,,,,,
V153844,,,,,
V153845,,,,,
V153846,,,,,
V153847,,,,,
V153848,,,,,
V153849,,,,,
V153850,,,,,
V153851,,,,,
V153852,,,,,
V153853,,,,,
V153854,,,,,
V153855,,,,,
V153856,,,,,
V153857,,,,,
V153858,,,,,
V153859,,,,,
V153860,,,,,
V153861,,,,,
V153862,,,,,
V153863,,,,,
V153864,,,,,
V153865,,,,,
V153866,,,,,
V153867,,,,,
V153868,,,,,
V153869,,,,,
V153870,,,,,
V153871,,,,,
V153872,,,,,
V153873,,,,,
V153874,,,,,
V153875,,,,,
V153876,,,,,
V153877,,,,,
V153878,,,,,
V153879,,,,,
V153880,,,,,
V153881,,,,,
V153882,,,,,
V153883,,,,,
V153884,,,,,
V153885,,,,,
V153886,,,,,
V153887,,,,,
V153888,,,,,
V153889,,,,,
V153890,,,,,
V153891,,,,,
V153892,,,,,
V153893,,,,,
V153894,,,,,
V153895,,,,,
V153896,,,,,
V153897,,,,,
V153898,,,,,
V153899,,,,,
V153900,,,,,
V153901,,,,,
V153902,,,,,
V153903,,,,,
V153904,,,,,
V153905,,,,,
V153906,,,,,
V153907,,,,,
V153908,,,,,
V153909,,,,,
V153910,,,,,
V153911,,,,,
V153912,,,,,
V153913,,,,,
V153914,,,,,
V153915,,,,,
V153916,,,,,
V153917,,,,,
V153918,,,,,
V153919,,,,,
V153920,,,,,
V153921,,,,,
V153922,,,,,
V153923,,,,,
V153924,,,,,
V153925,,,,,
V153926,,,,,
V153927,,,,,
V153928,,,,,
V153929,,,,,
V153930,,,,,
V153931,,,,,
V153932,,,,,
V153933,,,,,
V153934,,,,,
V153935,,,,,
V153936,,,,,
V153937,,,,,
V153938,,,,,
V153939,,,,,
V153940,,,,,
V153941,,,,,
V153942,,,,,
V153943,,,,,
V153944,,,,,
V153945,,,,,
V153946,,,,,
V153947,,,,,
V153948,,,,,
V153949,,,,,
V153950,,,,,
V153951,,,,,
V153952,,,,,
V153953,,,,,
V153954,,,,,
V153955,,,,,
V153956,,,,,
V153957,,,,,
V153958,,,,,
V153959,,,,,
V153960,,,,,
V153961,,,,,
V153962,,,,,
V153963,,,,,
V153964,,,,,
V153965,,,,,
V153966,,,,,
V153967,,,,,
V153968,,,,,
V153969,,,,,
V153970,,,,,
V153971,,,,,
V153972,,,,,
V153973,,,,,
V153974,,,,,
V153975,,,,,
V153976,,,,,
V153977,,,,,
V153978,,,,,
V153979,,,,,
V153980,,,,,
V153981,,,,,
V153982,,,,,
V153983,,,,,
V153984,,,,,
V153985,,,,,
V153986,,,,,
V153987,,,,,
V153988,,,,,
V153989,,,,,
V153990,,,,,
V153991,,,,,
V153992,,,,,
V153993,,,,,
V153994,,,,,
V153995,,,,,
V153996,,,,,
V153997,,,,,
V153998,,,,,
V153999,,,,,
V154000,,,,,
V154001,,,,,
V154002,,,,,
V154003,,,,,
V154004,,,,,
V154005,,,,,
V154006,,,,,
V154007,,,,,
V154008,,,,,
V154009,,,,,
V154010,,,,,
V154011,,,,,
V154012,,,,,
V154013,,,,,
V154014,,,,,
V154015,,,,,
V154016,,,,,
V154017,,,,,
V154018,,,,,
V154019,,,,,
V154020,,,,,
V154021,,,,,
V154022,,,,,
V154023,,,,,
V154024,,,,,
V154025,,,,,
V154026,,,,,
V154027,,,,,
V154028,,,,,
V154029,,,,,
V154030,,,,,
V154031,,,,,
V154032,,,,,
V154033,,,,,
V154034,,,,,
V154035,,,,,
V154036,,,,,
V154037,,,,,
V154038,,,,,
V154039,,,,,
V154040,,,,,
V154041,,,,,
V154042,,,,,
V154043,,,,,
V154044,,,,,
V154045,,,,,
V154046,,,,,
V154047,,,,,
V154048,,,,,
V154049,,,,,
V154050,,,,,
V154051,,,,,
V154052,,,,,
V154053,,,,,
V154054,,,,,
V154055,,,,,
V154056,,,,,
V154057,,,,,
V154058,,,,,
V154059,,,,,
V154060,,,,,
V154061,,,,,
V154062,,,,,
V154063,,,,,
V154064,,,,,
V154065,,,,,
V154066,,,,,
V154067,,,,,
V154068,,,,,
V154069,,,,,
V154070,,,,,
V154071,,,,,
V154072,,,,,
V154073,,,,,
V154074,,,,,
V154075,,,,,
V154076,,,,,
V154077,,,,,
V154078,,,,,
V154079,,,,,
V154080,,,,,
V154081,,,,,
V154082,,,,,
V154083,,,,,
V154084,,,,,
V154085,,,,,
V154086,,,,,
V154087,,,,,
V154088,,,,,
V154089,,,,,
V154090,,,,,
V154091,,,,,
V154092,,,,,
V154093,,,,,
V154094,,,,,
V154095,,,,,
V154096,,,,,
V154097,,,,,
V154098,,,,,
V154099,,,,,
V154100,,,,,
V154101,,,,,
V154102,,,,,
V154103,,,,,
V154104,,,,,
V154105,,,,,
V154106,,,,,
V154107,,,,,
V154108,,,,,
V154109,,,,,
V154110,,,,,
V154111,,,,,
V154112,,,,,
V154113,,,,,
V154114,,,,,
V154115,,,,,
V154116,,,,,
V154117,,,,,
V154118,,,,,
V154119,,,,,
V154120,,,,,
V154121,,,,,
V154122,,,,,
V154123,,,,,
V154124,,,,,
V154125,,,,,
V154126,,,,,
V154127,,,,,
V154128,,,,,
V154129,,,,,
V154130,,,,,
V154131,,,,,
V154132,,,,,
V154133,,,,,
V154134,,,,,
V154135,,,,,
V154136,,,,,
V154137,,,,,
V154138,,,,,
V154139,,,,,
V154140,,,,,
V154141,,,,,
V154142,,,,,
V154143,,,,,
V154144,,,,,
V154145,,,,,
V154146,,,,,
V154147,,,,,
V154148,,,,,
V154149,,,,,
V154150,,,,,
V154151,,,,,
V154152,,,,,
V154153,,,,,
V154154,,,,,
V154155,,,,,
V154156,,,,,
V154157,,,,,
V154158,,,,,
V154159,,,,,
V154160,,,,,
V154161,,,,,
V154162,,,,,
V154163,,,,,
V154164,,,,,
V154165,,,,,
V154166,,,,,
V154167,,,,,
V154168,,,,,
V154169,,,,,
V154170,,,,,
V154171,,,,,
V154172,,,,,
V154173,,,,,
V154174,,,,,
V154175,,,,,
V154176,,,,,
V154177,,,,,
V154178,,,,,
V154179,,,,,
V154180,,,,,
V154181,,,,,
V154182,,,,,
V154183,,,,,
V154184,,,,,
V154185,,,,,
V154186,,,,,
V154187,,,,,
V154188,,,,,
V154189,,,,,
V154190,,,,,
V154191,,,,,
V154192,,,,,
V154193,,,,,
V154194,,,,,
V154195,,,,,
V154196,,,,,
V154197,,,,,
V154198,,,,,
V154199,,,,,
V154200,,,,,
V154201,,,,,
V154202,,,,,
V154203,,,,,
V154204,,,,,
V154205,,,,,
V154206,,,,,
V154207,,,,,
V154208,,,,,
V154209,,,,,
V154210,,,,,
V154211,,,,,
V154212,,,,,
V154213,,,,,
V154214,,,,,
V154215,,,,,
V154216,,,,,
V154217,,,,,
V154218,,,,,
V154219,,,,,
V154220,,,,,
V154221,,,,,
V154222,,,,,
V154223,,,,,
V154224,,,,,
V154225,,,,,
V154226,,,,,
V154227,,,,,
V154228,,,,,
V154229,,,,,
V154230,,,,,
V154231,,,,,
V154232,,,,,
V154233,,,,,
V154234,,,,,
V154235,,,,,
V154236,,,,,
V154237,,,,,
V154238,,,,,
V154239,,,,,
V154240,,,,,
V154241,,,,,
V154242,,,,,
V154243,,,,,
V154244,,,,,
V154245,,,,,
V154246,,,,,
V154247,,,,,
V154248,,,,,
V154249,,,,,
V154250,,,,,
V154251,,,,,
V154252,,,,,
V154253,,,,,
V154254,,,,,
V154255,,,,,
V154256,,,,,
V154257,,,,,
V154258,,,,,
V154259,,,,,
V154260,,,,,
V154261,,,,,
V154262,,,,,
V154263,,,,,
V154264,,,,,
V154265,,,,,
V154266,,,,,
V154267,,,,,
V154268,,,,,
V154269,,,,,
V154270,,,,,
V154271,,,,,
V154272,,,,,
V154273,,,,,
V154274,,,,,
V154275,,,,,
V154276,,,,,
V154277,,,,,
V154278,,,,,
V154279,,,,,
V154280,,,,,
V154281,,,,,
V154282,,,,,
V154283,,,,,
V154284,,,,,
V154285,,,,,
V154286,,,,,
V154287,,,,,
V154288,,,,,
V154289,,,,,
V154290,,,,,
V154291,,,,,
V154292,,,,,
V154293,,,,,
V154294,,,,,
V154295,,,,,
V154296,,,,,
V154297,,,,,
V154298,,,,,
V154299,,,,,
V154300,,,,,
V154301,,,,,
V154302,,,,,
V154303,,,,,
V154304,,,,,
V154305,,,,,
V154306,,,,,
V154307,,,,,
V154308,,,,,
V154309,,,,,
V154310,,,,,
V154311,,,,,
V154312,,,,,
V154313,,,,,
V154314,,,,,
V154315,,,,,
V154316,,,,,
V154317,,,,,
V154318,,,,,
V154319,,,,,
V154320,,,,,
V154321,,,,,
V154322,,,,,
V154323,,,,,
V154324,,,,,
V154325,,,,,
V154326,,,,,
V154327,,,,,
V154328,,,,,
V154329,,,,,
V154330,,,,,
V154331,,,,,
V154332,,,,,
V154333,,,,,
V154334,,,,,
V154335,,,,,
V154336,,,,,
V154337,,,,,
V154338,,,,,
V154339,,,,,
V154340,,,,,
V154341,,,,,
V154342,,,,,
V154343,,,,,
V154344,,,,,
V154345,,,,,
V154346,,,,,
V154347,,,,,
V154348,,,,,
V154349,,,,,
V154350,,,,,
V154351,,,,,
V154352,,,,,
V154353,,,,,
V154354,,,,,
V154355,,,,,
V154356,,,,,
V154357,,,,,
V154358,,,,,
V154359,,,,,
V154360,,,,,
V154361,,,,,
V154362,,,,,
V154363,,,,,
V154364,,,,,
V154365,,,,,
V154366,,,,,
V154367,,,,,
V154368,,,,,
V154369,,,,,
V154370,,,,,
V154371,,,,,
V154372,,,,,
V154373,,,,,
V154374,,,,,
V154375,,,,,
V154376,,,,,
V154377,,,,,
V154378,,,,,
V154379,,,,,
V154380,,,,,
V154381,,,,,
V154382,,,,,
V154383,,,,,
V154384,,,,,
V154385,,,,,
V154386,,,,,
V154387,,,,,
V154388,,,,,
V154389,,,,,
V154390,,,,,
V154391,,,,,
V154392,,,,,
V154393,,,,,
V154394,,,,,
V154395,,,,,
V154396,,,,,
V154397,,,,,
V154398,,,,,
V154399,,,,,
V154400,,,,,
V154401,,,,,
V154402,,,,,
V154403,,,,,
V154404,,,,,
V154405,,,,,
V154406,,,,,
V154407,,,,,
V154408,,,,,
V154409,,,,,
V154410,,,,,
V154411,,,,,
V154412,,,,,
V154413,,,,,
V154414,,,,,
V154415,,,,,
V154416,,,,,
V154417,,,,,
V154418,,,,,
V154419,,,,,
V154420,,,,,
V154421,,,,,
V154422,,,,,
V154423,,,,,
V154424,,,,,
V154425,,,,,
V154426,,,,,
V154427,,,,,
V154428,,,,,
V154429,,,,,
V154430,,,,,
V154431,,,,,
V154432,,,,,
V154433,,,,,
V154434,,,,,
V154435,,,,,
V154436,,,,,
V154437,,,,,
V154438,,,,,
V154439,,,,,
V154440,,,,,
V154441,,,,,
V154442,,,,,
V154443,,,,,
V154444,,,,,
V154445,,,,,
V154446,,,,,
V154447,,,,,
V154448,,,,,
V154449,,,,,
V154450,,,,,
V154451,,,,,
V154452,,,,,
V154453,,,,,
V154454,,,,,
V154455,,,,,
V154456,,,,,
V154457,,,,,
V154458,,,,,
V154459,,,,,
V154460,,,,,
V154461,,,,,
V154462,,,,,
V154463,,,,,
V154464,,,,,
V154465,,,,,
V154466,,,,,
V154467,,,,,
V154468,,,,,
V154469,,,,,
V154470,,,,,
V154471,,,,,
V154472,,,,,
V154473,,,,,
V154474,,,,,
V154475,,,,,
V154476,,,,,
V154477,,,,,
V154478,,,,,
V154479,,,,,
V154480,,,,,
V154481,,,,,
V154482,,,,,
V154483,,,,,
V154484,,,,,
V154485,,,,,
V154486,,,,,
V154487,,,,,
V154488,,,,,
V154489,,,,,
V154490,,,,,
V154491,,,,,
V154492,,,,,
V154493,,,,,
V154494,,,,,
V154495,,,,,
V154496,,,,,
V154497,,,,,
V154498,,,,,
V154499,,,,,
V154500,,,,,
V154501,,,,,
V154502,,,,,
V154503,,,,,
V154504,,,,,
V154505,,,,,
V154506,,,,,
V154507,,,,,
V154508,,,,,
V154509,,,,,
V154510,,,,,
V154511,,,,,
V154512,,,,,
V154513,,,,,
V154514,,,,,
V154515,,,,,
V154516,,,,,
V154517,,,,,
V154518,,,,,
V154519,,,,,
V154520,,,,,
V154521,,,,,
V154522,,,,,
V154523,,,,,
V154524,,,,,
V154525,,,,,
V154526,,,,,
V154527,,,,,
V154528,,,,,
V154529,,,,,
V154530,,,,,
V154531,,,,,
V154532,,,,,
V154533,,,,,
V154534,,,,,
V154535,,,,,
V154536,,,,,
V154537,,,,,
V154538,,,,,
V154539,,,,,
V154540,,,,,
V154541,,,,,
V154542,,,,,
V154543,,,,,
V154544,,,,,
V154545,,,,,
V154546,,,,,
V154547,,,,,
V154548,,,,,
V154549,,,,,
V154550,,,,,
V154551,,,,,
V154552,,,,,
V154553,,,,,
V154554,,,,,
V154555,,,,,
V154556,,,,,
V154557,,,,,
V154558,,,,,
V154559,,,,,
V154560,,,,,
V154561,,,,,
V154562,,,,,
V154563,,,,,
V154564,,,,,
V154565,,,,,
V154566,,,,,
V154567,,,,,
V154568,,,,,
V154569,,,,,
V154570,,,,,
V154571,,,,,
V154572,,,,,
V154573,,,,,
V154574,,,,,
V154575,,,,,
V154576,,,,,
V154577,,,,,
V154578,,,,,
V154579,,,,,
V154580,,,,,
V154581,,,,,
V154582,,,,,
V154583,,,,,
V154584,,,,,
V154585,,,,,
V154586,,,,,
V154587,,,,,
V154588,,,,,
V154589,,,,,
V154590,,,,,
V154591,,,,,
V154592,,,,,
V154593,,,,,
V154594,,,,,
V154595,,,,,
V154596,,,,,
V154597,,,,,
V154598,,,,,
V154599,,,,,
V154600,,,,,
V154601,,,,,
V154602,,,,,
V154603,,,,,
V154604,,,,,
V154605,,,,,
V154606,,,,,
V154607,,,,,
V154608,,,,,
V154609,,,,,
V154610,,,,,
V154611,,,,,
V154612,,,,,
V154613,,,,,
V154614,,,,,
V154615,,,,,
V154616,,,,,
V154617,,,,,
V154618,,,,,
V154619,,,,,
V154620,,,,,
V154621,,,,,
V154622,,,,,
V154623,,,,,
V154624,,,,,
V154625,,,,,
V154626,,,,,
V154627,,,,,
V154628,,,,,
V154629,,,,,
V154630,,,,,
V154631,,,,,
V154632,,,,,
V154633,,,,,
V154634,,,,,
V154635,,,,,
V154636,,,,,
V154637,,,,,
V154638,,,,,
V154639,,,,,
V154640,,,,,
V154641,,,,,
V154642,,,,,
V154643,,,,,
V154644,,,,,
V154645,,,,,
V154646,,,,,
V154647,,,,,
V154648,,,,,
V154649,,,,,
V154650,,,,,
V154651,,,,,
V154652,,,,,
V154653,,,,,
V154654,,,,,
V154655,,,,,
V154656,,,,,
V154657,,,,,
V154658,,,,,
V154659,,,,,
V154660,,,,,
V154661,,,,,
V154662,,,,,
V154663,,,,,
V154664,,,,,
V154665,,,,,
V154666,,,,,
V154667,,,,,
V154668,,,,,
V154669,,,,,
V154670,,,,,
V154671,,,,,
V154672,,,,,
V154673,,,,,
V154674,,,,,
V154675,,,,,
V154676,,,,,
V154677,,,,,
V154678,,,,,
V154679,,,,,
V154680,,,,,
V154681,,,,,
V154682,,,,,
V154683,,,,,
V154684,,,,,
V154685,,,,,
V154686,,,,,
V154687,,,,,
V154688,,,,,
V154689,,,,,
V154690,,,,,
V154691,,,,,
V154692,,,,,
V154693,,,,,
V154694,,,,,
V154695,,,,,
V154696,,,,,
V154697,,,,,
V154698,,,,,
V154699,,,,,
V154700,,,,,
V154701,,,,,
V154702,,,,,
V154703,,,,,
V154704,,,,,
V154705,,,,,
V154706,,,,,
V154707,,,,,
V154708,,,,,
V154709,,,,,
V154710,,,,,
V154711,,,,,
V154712,,,,,
V154713,,,,,
V154714,,,,,
V154715,,,,,
V154716,,,,,
V154717,,,,,
V154718,,,,,
V154719,,,,,
V154720,,,,,
V154721,,,,,
V154722,,,,,
V154723,,,,,
V154724,,,,,
V154725,,,,,
V154726,,,,,
V154727,,,,,
V154728,,,,,
V154729,,,,,
V154730,,,,,
V154731,,,,,
V154732,,,,,
V154733,,,,,
V154734,,,,,
V154735,,,,,
V154736,,,,,
V154737,,,,,
V154738,,,,,
V154739,,,,,
V154740,,,,,
V154741,,,,,
V154742,,,,,
V154743,,,,,
V154744,,,,,
V154745,,,,,
V154746,,,,,
V154747,,,,,
V154748,,,,,
V154749,,,,,
V154750,,,,,
V154751,,,,,
V154752,,,,,
V154753,,,,,
V154754,,,,,
V154755,,,,,
V154756,,,,,
V154757,,,,,
V154758,,,,,
V154759,,,,,
V154760,,,,,
V154761,,,,,
V154762,,,,,
V154763,,,,,
V154764,,,,,
V154765,,,,,
V154766,,,,,
V154767,,,,,
V154768,,,,,
V154769,,,,,
V154770,,,,,
V154771,,,,,
V154772,,,,,
V154773,,,,,
V154774,,,,,
V154775,,,,,
V154776,,,,,
V154777,,,,,
V154778,,,,,
V154779,,,,,
V154780,,,,,
V154781,,,,,
V154782,,,,,
V154783,,,,,
V154784,,,,,
V154785,,,,,
V154786,,,,,
V154787,,,,,
V154788,,,,,
V154789,,,,,
V154790,,,,,
V154791,,,,,
V154792,,,,,
V154793,,,,,
V154794,,,,,
V154795,,,,,
V154796,,,,,
V154797,,,,,
V154798,,,,,
V154799,,,,,
V154800,,,,,
V154801,,,,,
V154802,,,,,
V154803,,,,,
V154804,,,,,
V154805,,,,,
V154806,,,,,
V154807,,,,,
V154808,,,,,
V154809,,,,,
V154810,,,,,
V154811,,,,,
V154812,,,,,
V154813,,,,,
V154814,,,,,
V154815,,,,,
V154816,,,,,
V154817,,,,,
V154818,,,,,
V154819,,,,,
V154820,,,,,
V154821,,,,,
V154822,,,,,
V154823,,,,,
V154824,,,,,
V154825,,,,,
V154826,,,,,
V154827,,,,,
V154828,,,,,
V154829,,,,,
V154830,,,,,
V154831,,,,,
V154832,,,,,
V154833,,,,,
V154834,,,,,
V154835,,,,,
V154836,,,,,
V154837,,,,,
V154838,,,,,
V154839,,,,,
V154840,,,,,
V154841,,,,,
V154842,,,,,
V154843,,,,,
V154844,,,,,
V154845,,,,,
V154846,,,,,
V154847,,,,,
V154848,,,,,
V154849,,,,,
V154850,,,,,
V154851,,,,,
V154852,,,,,
V154853,,,,,
V154854,,,,,
V154855,,,,,
V154856,,,,,
V154857,,,,,
V154858,,,,,
V154859,,,,,
V154860,,,,,
V154861,,,,,
V154862,,,,,
V154863,,,,,
V154864,,,,,
V154865,,,,,
V154866,,,,,
V154867,,,,,
V154868,,,,,
V154869,,,,,
V154870,,,,,
V154871,,,,,
V154872,,,,,
V154873,,,,,
V154874,,,,,
V154875,,,,,
V154876,,,,,
V154877,,,,,
V154878,,,,,
V154879,,,,,
V154880,,,,,
V154881,,,,,
V154882,,,,,
V154883,,,,,
V154884,,,,,
V154885,,,,,
V154886,,,,,
V154887,,,,,
V154888,,,,,
V154889,,,,,
V154890,,,,,
V154891,,,,,
V154892,,,,,
V154893,,,,,
V154894,,,,,
V154895,,,,,
V154896,,,,,
V154897,,,,,
V154898,,,,,
V154899,,,,,
V154900,,,,,
V154901,,,,,
V154902,,,,,
V154903,,,,,
V154904,,,,,
V154905,,,,,
V154906,,,,,
V154907,,,,,
V154908,,,,,
V154909,,,,,
V154910,,,,,
V154911,,,,,
V154912,,,,,
V154913,,,,,
V154914,,,,,
V154915,,,,,
V154916,,,,,
V154917,,,,,
V154918,,,,,
V154919,,,,,
V154920,,,,,
V154921,,,,,
V154922,,,,,
V154923,,,,,
V154924,,,,,
V154925,,,,,
V154926,,,,,
V154927,,,,,
V154928,,,,,
V154929,,,,,
V154930,,,,,
V154931,,,,,
V154932,,,,,
V154933,,,,,
V154934,,,,,
V154935,,,,,
V154936,,,,,
V154937,,,,,
V154938,,,,,
V154939,,,,,
V154940,,,,,
V154941,,,,,
V154942,,,,,
V154943,,,,,
V154944,,,,,
V154945,,,,,
V154946,,,,,
V154947,,,,,
V154948,,,,,
V154949,,,,,
V154950,,,,,
V154951,,,,,
V154952,,,,,
V154953,,,,,
V154954,,,,,
V154955,,,,,
V154956,,,,,
V154957,,,,,
V154958,,,,,
V154959,,,,,
V154960,,,,,
V154961,,,,,
V154962,,,,,
V154963,,,,,
V154964,,,,,
V154965,,,,,
V154966,,,,,
V154967,,,,,
V154968,,,,,
V154969,,,,,
V154970,,,,,
V154971,,,,,
V154972,,,,,
V154973,,,,,
V154974,,,,,
V154975,,,,,
V154976,,,,,
V154977,,,,,
V154978,,,,,
V154979,,,,,
V154980,,,,,
V154981,,,,,
V154982,,,,,
V154983,,,,,
V154984,,,,,
V154985,,,,,
V154986,,,,,
V154987,,,,,
V154988,,,,,
V154989,,,,,
V154990,,,,,
V154991,,,,,
V154992,,,,,
V154993,,,,,
V154994,,,,,
V154995,,,,,
V154996,,,,,
V154997,,,,,
V154998,,,,,
V154999,,,,,
